"S. No.","Business Associate","Received From",Date,"Opening Balance","Total Received","Total Expense","Closing Balance"
1,AmanKhan,,21-09-2026,0.00,0.00,0.00,0.00
2,AmanKhan,,20-09-2026,0.00,0.00,0.00,0.00
3,AmanKhan,,19-09-2026,0.00,0.00,0.00,0.00
4,AmanKhan,,18-09-2026,0.00,0.00,0.00,0.00
5,AmanKhan,,17-09-2026,0.00,0.00,0.00,0.00
6,AmanKhan,,16-09-2026,0.00,0.00,0.00,0.00
7,AmanKhan,,15-09-2026,0.00,0.00,0.00,0.00
8,AmanKhan,,14-09-2026,0.00,0.00,0.00,0.00
9,AmanKhan,,13-09-2026,0.00,0.00,0.00,0.00
10,AmanKhan,,12-09-2026,0.00,0.00,0.00,0.00
11,AmanKhan,,11-09-2026,0.00,0.00,0.00,0.00
12,AmanKhan,,10-09-2026,0.00,0.00,0.00,0.00
13,AmanKhan,,09-09-2026,0.00,0.00,0.00,0.00
14,AmanKhan,,08-09-2026,0.00,0.00,0.00,0.00
15,AmanKhan,,07-09-2026,0.00,0.00,0.00,0.00
16,AmanKhan,,06-09-2026,0.00,0.00,0.00,0.00
17,AmanKhan,,05-09-2026,0.00,0.00,0.00,0.00
18,AmanKhan,,04-09-2026,0.00,0.00,0.00,0.00
19,AmanKhan,,03-09-2026,0.00,0.00,0.00,0.00
20,AmanKhan,,02-09-2026,0.00,0.00,0.00,0.00
21,AmanKhan,,01-09-2026,0.00,0.00,0.00,0.00
22,AmanKhan,,31-08-2026,0.00,0.00,0.00,0.00
23,AmanKhan,,30-08-2026,0.00,0.00,0.00,0.00
24,AmanKhan,,29-08-2026,0.00,0.00,0.00,0.00
25,AmanKhan,,28-08-2026,0.00,0.00,0.00,0.00
26,AmanKhan,,27-08-2026,0.00,0.00,0.00,0.00
27,AmanKhan,,26-08-2026,0.00,0.00,0.00,0.00
28,AmanKhan,,25-08-2026,0.00,0.00,0.00,0.00
29,AmanKhan,,24-08-2026,0.00,0.00,0.00,0.00
30,AmanKhan,,23-08-2026,0.00,0.00,0.00,0.00
31,AmanKhan,,22-08-2026,0.00,0.00,0.00,0.00
32,AmanKhan,,21-08-2026,0.00,0.00,0.00,0.00
33,AmanKhan,,20-08-2026,0.00,0.00,0.00,0.00
34,AmanKhan,,19-08-2026,0.00,0.00,0.00,0.00
35,AmanKhan,,18-08-2026,0.00,0.00,0.00,0.00
36,AmanKhan,,17-08-2026,0.00,0.00,0.00,0.00
37,AmanKhan,,16-08-2026,0.00,0.00,0.00,0.00
38,AmanKhan,,15-08-2026,0.00,0.00,0.00,0.00
39,AmanKhan,,14-08-2026,0.00,0.00,0.00,0.00
40,AmanKhan,,13-08-2026,0.00,0.00,0.00,0.00
41,AmanKhan,,12-08-2026,0.00,0.00,0.00,0.00
42,AmanKhan,,11-08-2026,0.00,0.00,0.00,0.00
43,AmanKhan,,10-08-2026,0.00,0.00,0.00,0.00
44,AmanKhan,,09-08-2026,0.00,0.00,0.00,0.00
45,AmanKhan,,08-08-2026,0.00,0.00,0.00,0.00
46,AmanKhan,,07-08-2026,0.00,0.00,0.00,0.00
47,AmanKhan,,06-08-2026,0.00,0.00,0.00,0.00
48,AmanKhan,,05-08-2026,0.00,0.00,0.00,0.00
49,AmanKhan,,04-08-2026,0.00,0.00,0.00,0.00
50,AmanKhan,,03-08-2026,0.00,0.00,0.00,0.00
51,AmanKhan,,02-08-2026,0.00,0.00,0.00,0.00
52,AmanKhan,,01-08-2026,0.00,0.00,0.00,0.00
53,AmanKhan,,31-07-2026,0.00,0.00,0.00,0.00
54,AmanKhan,,30-07-2026,0.00,0.00,0.00,0.00
55,AmanKhan,,29-07-2026,0.00,0.00,0.00,0.00
56,AmanKhan,,28-07-2026,0.00,0.00,0.00,0.00
57,AmanKhan,,27-07-2026,0.00,0.00,0.00,0.00
58,AmanKhan,,26-07-2026,0.00,0.00,0.00,0.00
59,AmanKhan,,25-07-2026,0.00,0.00,0.00,0.00
60,AmanKhan,,24-07-2026,0.00,0.00,0.00,0.00
61,AmanKhan,,23-07-2026,0.00,0.00,0.00,0.00
62,AmanKhan,,22-07-2026,0.00,0.00,0.00,0.00
63,AmanKhan,,21-07-2026,0.00,0.00,0.00,0.00
64,AmanKhan,,20-07-2026,0.00,0.00,0.00,0.00
65,AmanKhan,,19-07-2026,0.00,0.00,0.00,0.00
66,AmanKhan,,18-07-2026,0.00,0.00,0.00,0.00
67,AmanKhan,,17-07-2026,0.00,0.00,0.00,0.00
68,AmanKhan,,16-07-2026,0.00,0.00,0.00,0.00
69,AmanKhan,,15-07-2026,0.00,0.00,0.00,0.00
70,AmanKhan,,14-07-2026,0.00,0.00,0.00,0.00
71,AmanKhan,,13-07-2026,0.00,0.00,0.00,0.00
72,AmanKhan,,12-07-2026,0.00,0.00,0.00,0.00
73,AmanKhan,,11-07-2026,0.00,0.00,0.00,0.00
74,AmanKhan,,10-07-2026,0.00,0.00,0.00,0.00
75,AmanKhan,,09-07-2026,0.00,0.00,0.00,0.00
76,AmanKhan,,08-07-2026,0.00,0.00,0.00,0.00
77,AmanKhan,,07-07-2026,0.00,0.00,0.00,0.00
78,AmanKhan,,06-07-2026,0.00,0.00,0.00,0.00
79,AmanKhan,,05-07-2026,0.00,0.00,0.00,0.00
80,AmanKhan,,04-07-2026,0.00,0.00,0.00,0.00
81,AmanKhan,,03-07-2026,0.00,0.00,0.00,0.00
82,AmanKhan,,02-07-2026,0.00,0.00,0.00,0.00
83,AmanKhan,,01-07-2026,0.00,0.00,0.00,0.00
84,AmanKhan,,30-06-2026,0.00,0.00,0.00,0.00
85,AmanKhan,,29-06-2026,0.00,0.00,0.00,0.00
86,AmanKhan,,28-06-2026,0.00,0.00,0.00,0.00
87,AmanKhan,,27-06-2026,0.00,0.00,0.00,0.00
88,AmanKhan,,26-06-2026,0.00,0.00,0.00,0.00
89,AmanKhan,,25-06-2026,0.00,0.00,0.00,0.00
90,AmanKhan,,24-06-2026,0.00,0.00,0.00,0.00
91,AmanKhan,,23-06-2026,0.00,0.00,0.00,0.00
92,AmanKhan,,22-06-2026,0.00,0.00,0.00,0.00
93,AmanKhan,,21-06-2026,0.00,0.00,0.00,0.00
94,AmanKhan,,20-06-2026,0.00,0.00,0.00,0.00
95,AmanKhan,,19-06-2026,0.00,0.00,0.00,0.00
96,AmanKhan,,18-06-2026,0.00,0.00,0.00,0.00
97,AmanKhan,,17-06-2026,0.00,0.00,0.00,0.00
98,AmanKhan,,16-06-2026,0.00,0.00,0.00,0.00
99,AmanKhan,,15-06-2026,0.00,0.00,0.00,0.00
100,AmanKhan,,14-06-2026,0.00,0.00,0.00,0.00
101,AmanKhan,,13-06-2026,0.00,0.00,0.00,0.00
102,AmanKhan,,12-06-2026,0.00,0.00,0.00,0.00
103,AmanKhan,,11-06-2026,0.00,0.00,0.00,0.00
104,AmanKhan,,10-06-2026,0.00,0.00,0.00,0.00
105,AmanKhan,,09-06-2026,0.00,0.00,0.00,0.00
106,AmanKhan,,08-06-2026,0.00,0.00,0.00,0.00
107,AmanKhan,,07-06-2026,0.00,0.00,0.00,0.00
108,AmanKhan,,06-06-2026,0.00,0.00,0.00,0.00
109,AmanKhan,,05-06-2026,0.00,0.00,0.00,0.00
110,AmanKhan,,04-06-2026,0.00,0.00,0.00,0.00
111,AmanKhan,,03-06-2026,0.00,0.00,0.00,0.00
112,AmanKhan,,02-06-2026,0.00,0.00,0.00,0.00
113,AmanKhan,,01-06-2026,0.00,0.00,0.00,0.00
114,AmanKhan,,31-05-2026,0.00,0.00,0.00,0.00
115,AmanKhan,,30-05-2026,0.00,0.00,0.00,0.00
116,AmanKhan,,29-05-2026,0.00,0.00,0.00,0.00
117,AmanKhan,,28-05-2026,0.00,0.00,0.00,0.00
118,AmanKhan,,27-05-2026,0.00,0.00,0.00,0.00
119,AmanKhan,,26-05-2026,0.00,0.00,0.00,0.00
120,AmanKhan,,25-05-2026,0.00,0.00,0.00,0.00
121,AmanKhan,,24-05-2026,0.00,0.00,0.00,0.00
122,AmanKhan,,23-05-2026,0.00,0.00,0.00,0.00
123,AmanKhan,,22-05-2026,0.00,0.00,0.00,0.00
124,AmanKhan,,21-05-2026,0.00,0.00,0.00,0.00
125,AmanKhan,,20-05-2026,0.00,0.00,0.00,0.00
126,AmanKhan,,19-05-2026,0.00,0.00,0.00,0.00
127,AmanKhan,,18-05-2026,0.00,0.00,0.00,0.00
128,AmanKhan,,17-05-2026,0.00,0.00,0.00,0.00
129,AmanKhan,,16-05-2026,0.00,0.00,0.00,0.00
130,AmanKhan,,15-05-2026,0.00,0.00,0.00,0.00
131,AmanKhan,,14-05-2026,0.00,0.00,0.00,0.00
132,AmanKhan,,13-05-2026,0.00,0.00,0.00,0.00
133,AmanKhan,,12-05-2026,0.00,0.00,0.00,0.00
134,AmanKhan,,11-05-2026,0.00,0.00,0.00,0.00
135,AmanKhan,,10-05-2026,0.00,0.00,0.00,0.00
136,AmanKhan,,09-05-2026,0.00,0.00,0.00,0.00
137,AmanKhan,,08-05-2026,0.00,0.00,0.00,0.00
138,AmanKhan,,07-05-2026,0.00,0.00,0.00,0.00
139,AmanKhan,,06-05-2026,0.00,0.00,0.00,0.00
140,AmanKhan,,05-05-2026,0.00,0.00,0.00,0.00
141,AmanKhan,,04-05-2026,0.00,0.00,0.00,0.00
142,AmanKhan,,03-05-2026,0.00,0.00,0.00,0.00
143,AmanKhan,,02-05-2026,0.00,0.00,0.00,0.00
144,AmanKhan,,01-05-2026,0.00,0.00,0.00,0.00
145,AmanKhan,,30-04-2026,0.00,0.00,0.00,0.00
146,AmanKhan,,29-04-2026,0.00,0.00,0.00,0.00
147,AmanKhan,,28-04-2026,0.00,0.00,0.00,0.00
148,AmanKhan,,27-04-2026,0.00,0.00,0.00,0.00
149,AmanKhan,,26-04-2026,0.00,0.00,0.00,0.00
150,AmanKhan,,25-04-2026,0.00,0.00,0.00,0.00
151,AmanKhan,,24-04-2026,0.00,0.00,0.00,0.00
152,AmanKhan,,23-04-2026,0.00,0.00,0.00,0.00
153,AmanKhan,,22-04-2026,0.00,0.00,0.00,0.00
154,AmanKhan,,21-04-2026,0.00,0.00,0.00,0.00
155,AmanKhan,,20-04-2026,0.00,0.00,0.00,0.00
156,AmanKhan,,19-04-2026,0.00,0.00,0.00,0.00
157,AmanKhan,,18-04-2026,0.00,0.00,0.00,0.00
158,AmanKhan,,17-04-2026,0.00,0.00,0.00,0.00
159,AmanKhan,,16-04-2026,0.00,0.00,0.00,0.00
160,AmanKhan,,15-04-2026,0.00,0.00,0.00,0.00
161,AmanKhan,,14-04-2026,0.00,0.00,0.00,0.00
162,AmanKhan,,13-04-2026,0.00,0.00,0.00,0.00
163,AmanKhan,,12-04-2026,0.00,0.00,0.00,0.00
164,AmanKhan,,11-04-2026,0.00,0.00,0.00,0.00
165,AmanKhan,,10-04-2026,0.00,0.00,0.00,0.00
166,AmanKhan,,09-04-2026,0.00,0.00,0.00,0.00
167,AmanKhan,,08-04-2026,0.00,0.00,0.00,0.00
168,AmanKhan,,07-04-2026,0.00,0.00,0.00,0.00
169,AmanKhan,,06-04-2026,0.00,0.00,0.00,0.00
170,AmanKhan,,05-04-2026,0.00,0.00,0.00,0.00
171,AmanKhan,,04-04-2026,0.00,0.00,0.00,0.00
172,AmanKhan,,03-04-2026,0.00,0.00,0.00,0.00
173,AmanKhan,,02-04-2026,0.00,0.00,0.00,0.00
174,AmanKhan,,01-04-2026,0.00,0.00,0.00,0.00
175,AmanKhan,,31-03-2026,0.00,0.00,0.00,0.00
176,AmanKhan,,30-03-2026,0.00,0.00,0.00,0.00
177,AmanKhan,,29-03-2026,0.00,0.00,0.00,0.00
178,AmanKhan,,28-03-2026,0.00,0.00,0.00,0.00
179,AmanKhan,,27-03-2026,0.00,0.00,0.00,0.00
180,AmanKhan,,26-03-2026,0.00,0.00,0.00,0.00
181,AmanKhan,,25-03-2026,0.00,0.00,0.00,0.00
182,AmanKhan,,24-03-2026,0.00,0.00,0.00,0.00
183,AmanKhan,,23-03-2026,0.00,0.00,0.00,0.00
184,AmanKhan,,22-03-2026,0.00,0.00,0.00,0.00
185,AmanKhan,,21-03-2026,0.00,0.00,0.00,0.00
186,AmanKhan,,20-03-2026,0.00,0.00,0.00,0.00
187,AmanKhan,,19-03-2026,0.00,0.00,0.00,0.00
188,AmanKhan,,18-03-2026,0.00,0.00,0.00,0.00
189,AmanKhan,,17-03-2026,0.00,0.00,0.00,0.00
190,AmanKhan,,16-03-2026,0.00,0.00,0.00,0.00
191,AmanKhan,,15-03-2026,0.00,0.00,0.00,0.00
192,AmanKhan,,14-03-2026,0.00,0.00,0.00,0.00
193,AmanKhan,,13-03-2026,0.00,0.00,0.00,0.00
194,AmanKhan,,12-03-2026,0.00,0.00,0.00,0.00
195,AmanKhan,,11-03-2026,0.00,0.00,0.00,0.00
196,AmanKhan,,10-03-2026,0.00,0.00,0.00,0.00
197,AmanKhan,,09-03-2026,0.00,0.00,0.00,0.00
198,AmanKhan,,08-03-2026,0.00,0.00,0.00,0.00
199,AmanKhan,,07-03-2026,0.00,0.00,0.00,0.00
200,AmanKhan,,06-03-2026,0.00,0.00,0.00,0.00
201,AmanKhan,,05-03-2026,0.00,0.00,0.00,0.00
202,AmanKhan,,04-03-2026,0.00,0.00,0.00,0.00
203,AmanKhan,,03-03-2026,0.00,0.00,0.00,0.00
204,AmanKhan,,02-03-2026,0.00,0.00,0.00,0.00
205,AmanKhan,,01-03-2026,0.00,0.00,0.00,0.00
206,AmanKhan,,28-02-2026,0.00,0.00,0.00,0.00
207,AmanKhan,,27-02-2026,0.00,0.00,0.00,0.00
208,AmanKhan,,26-02-2026,0.00,0.00,0.00,0.00
209,AmanKhan,,25-02-2026,0.00,0.00,0.00,0.00
210,AmanKhan,,24-02-2026,0.00,0.00,0.00,0.00
211,AmanKhan,,23-02-2026,0.00,0.00,0.00,0.00
212,AmanKhan,,22-02-2026,0.00,0.00,0.00,0.00
213,AmanKhan,,21-02-2026,0.00,0.00,0.00,0.00
214,AmanKhan,,20-02-2026,0.00,0.00,0.00,0.00
215,AmanKhan,,19-02-2026,0.00,0.00,0.00,0.00
216,AmanKhan,,18-02-2026,0.00,0.00,0.00,0.00
217,AmanKhan,,17-02-2026,0.00,0.00,0.00,0.00
218,AmanKhan,,16-02-2026,0.00,0.00,0.00,0.00
219,AmanKhan,,15-02-2026,0.00,0.00,0.00,0.00
220,AmanKhan,,14-02-2026,0.00,0.00,0.00,0.00
221,AmanKhan,,13-02-2026,0.00,0.00,0.00,0.00
222,AmanKhan,,12-02-2026,0.00,0.00,0.00,0.00
223,AmanKhan,,11-02-2026,0.00,0.00,0.00,0.00
224,AmanKhan,,10-02-2026,0.00,0.00,0.00,0.00
225,AmanKhan,,09-02-2026,0.00,0.00,0.00,0.00
226,AmanKhan,,08-02-2026,0.00,0.00,0.00,0.00
227,AmanKhan,,07-02-2026,0.00,0.00,0.00,0.00
228,AmanKhan,,06-02-2026,0.00,0.00,0.00,0.00
229,AmanKhan,,05-02-2026,0.00,0.00,0.00,0.00
230,AmanKhan,,04-02-2026,0.00,0.00,0.00,0.00
231,AmanKhan,,03-02-2026,0.00,0.00,0.00,0.00
232,AmanKhan,,02-02-2026,0.00,0.00,0.00,0.00
233,AmanKhan,,01-02-2026,0.00,0.00,0.00,0.00
234,AmanKhan,,31-01-2026,0.00,0.00,0.00,0.00
235,AmanKhan,,30-01-2026,0.00,0.00,0.00,0.00
236,AmanKhan,,29-01-2026,0.00,0.00,0.00,0.00
237,AmanKhan,,28-01-2026,0.00,0.00,0.00,0.00
238,AmanKhan,,27-01-2026,0.00,0.00,0.00,0.00
239,AmanKhan,,26-01-2026,0.00,0.00,0.00,0.00
240,AmanKhan,,25-01-2026,0.00,0.00,0.00,0.00
241,AmanKhan,,24-01-2026,0.00,0.00,0.00,0.00
242,AmanKhan,,23-01-2026,0.00,0.00,0.00,0.00
243,AmanKhan,,22-01-2026,0.00,0.00,0.00,0.00
244,AmanKhan,,21-01-2026,0.00,0.00,0.00,0.00
245,AmanKhan,,20-01-2026,0.00,0.00,0.00,0.00
246,AmanKhan,,19-01-2026,0.00,0.00,0.00,0.00
247,AmanKhan,,18-01-2026,0.00,0.00,0.00,0.00
248,AmanKhan,,17-01-2026,0.00,0.00,0.00,0.00
249,AmanKhan,,16-01-2026,0.00,0.00,0.00,0.00
250,AmanKhan,,15-01-2026,0.00,0.00,0.00,0.00
251,AmanKhan,,14-01-2026,0.00,0.00,0.00,0.00
252,AmanKhan,,13-01-2026,0.00,0.00,0.00,0.00
253,AmanKhan,,12-01-2026,0.00,0.00,0.00,0.00
254,AmanKhan,,11-01-2026,0.00,0.00,0.00,0.00
255,AmanKhan,,10-01-2026,0.00,0.00,0.00,0.00
256,AmanKhan,,09-01-2026,0.00,0.00,0.00,0.00
257,AmanKhan,,08-01-2026,0.00,0.00,0.00,0.00
258,AmanKhan,,07-01-2026,0.00,0.00,0.00,0.00
259,AmanKhan,,06-01-2026,0.00,0.00,0.00,0.00
260,AmanKhan,,05-01-2026,0.00,0.00,0.00,0.00
261,AmanKhan,,04-01-2026,0.00,0.00,0.00,0.00
262,AmanKhan,,03-01-2026,0.00,0.00,0.00,0.00
263,AmanKhan,,02-01-2026,0.00,0.00,0.00,0.00
264,AmanKhan,,01-01-2026,0.00,0.00,0.00,0.00
265,AmanKhan,,31-12-2025,0.00,0.00,0.00,0.00
266,AmanKhan,,30-12-2025,0.00,0.00,0.00,0.00
267,AmanKhan,,29-12-2025,0.00,0.00,0.00,0.00
268,AmanKhan,,28-12-2025,0.00,0.00,0.00,0.00
269,AmanKhan,,27-12-2025,0.00,0.00,0.00,0.00
270,AmanKhan,,26-12-2025,0.00,0.00,0.00,0.00
271,AmanKhan,,25-12-2025,0.00,0.00,0.00,0.00
272,AmanKhan,,24-12-2025,0.00,0.00,0.00,0.00
273,AmanKhan,,23-12-2025,0.00,0.00,0.00,0.00
274,AmanKhan,,22-12-2025,0.00,0.00,0.00,0.00
275,AmanKhan,,21-12-2025,0.00,0.00,0.00,0.00
276,AmanKhan,,20-12-2025,0.00,0.00,0.00,0.00
277,AmanKhan,,19-12-2025,0.00,0.00,0.00,0.00
278,AmanKhan,,18-12-2025,0.00,0.00,0.00,0.00
279,AmanKhan,,17-12-2025,0.00,0.00,0.00,0.00
280,AmanKhan,,16-12-2025,0.00,0.00,0.00,0.00
281,AmanKhan,,15-12-2025,0.00,0.00,0.00,0.00
282,AmanKhan,,14-12-2025,0.00,0.00,0.00,0.00
283,AmanKhan,,13-12-2025,0.00,0.00,0.00,0.00
284,AmanKhan,,12-12-2025,0.00,0.00,0.00,0.00
285,AmanKhan,,11-12-2025,0.00,0.00,0.00,0.00
286,AmanKhan,,10-12-2025,0.00,0.00,0.00,0.00
287,AmanKhan,,09-12-2025,0.00,0.00,0.00,0.00
288,AmanKhan,,08-12-2025,0.00,0.00,0.00,0.00
289,AmanKhan,,07-12-2025,0.00,0.00,0.00,0.00
290,AmanKhan,,06-12-2025,0.00,0.00,0.00,0.00
291,AmanKhan,,05-12-2025,0.00,0.00,0.00,0.00
292,AmanKhan,,04-12-2025,0.00,0.00,0.00,0.00
293,AmanKhan,,03-12-2025,0.00,0.00,0.00,0.00
294,AmanKhan,,02-12-2025,0.00,0.00,0.00,0.00
295,AmanKhan,,01-12-2025,0.00,0.00,0.00,0.00
296,AmanKhan,,30-11-2025,0.00,0.00,0.00,0.00
297,AmanKhan,,29-11-2025,0.00,0.00,0.00,0.00
298,AmanKhan,,28-11-2025,0.00,0.00,0.00,0.00
299,AmanKhan,,27-11-2025,0.00,0.00,0.00,0.00
300,AmanKhan,,26-11-2025,0.00,0.00,0.00,0.00
301,AmanKhan,,25-11-2025,0.00,0.00,0.00,0.00
302,AmanKhan,,24-11-2025,0.00,0.00,0.00,0.00
303,AmanKhan,,23-11-2025,0.00,0.00,0.00,0.00
304,AmanKhan,,22-11-2025,0.00,0.00,0.00,0.00
305,AmanKhan,,21-11-2025,0.00,0.00,0.00,0.00
306,AmanKhan,,20-11-2025,0.00,0.00,0.00,0.00
307,AmanKhan,,19-11-2025,0.00,0.00,0.00,0.00
308,AmanKhan,,18-11-2025,0.00,0.00,0.00,0.00
309,AmanKhan,,17-11-2025,0.00,0.00,0.00,0.00
310,AmanKhan,,16-11-2025,0.00,0.00,0.00,0.00
311,AmanKhan,,15-11-2025,0.00,0.00,0.00,0.00
312,AmanKhan,,14-11-2025,0.00,0.00,0.00,0.00
313,AmanKhan,,13-11-2025,0.00,0.00,0.00,0.00
314,AmanKhan,,12-11-2025,0.00,0.00,0.00,0.00
315,AmanKhan,,11-11-2025,0.00,0.00,0.00,0.00
316,AmanKhan,,10-11-2025,0.00,0.00,0.00,0.00
317,AmanKhan,,09-11-2025,0.00,0.00,0.00,0.00
318,AmanKhan,,08-11-2025,0.00,0.00,0.00,0.00
319,AmanKhan,,07-11-2025,0.00,0.00,0.00,0.00
320,AmanKhan,,06-11-2025,0.00,0.00,0.00,0.00
321,AmanKhan,,04-11-2025,24337.00,0.00,0.00,24337.00
322,AmanKhan,,03-11-2025,24337.00,0.00,0.00,24337.00
323,AmanKhan,,02-11-2025,24337.00,0.00,0.00,24337.00
324,AmanKhan,,01-11-2025,24337.00,0.00,0.00,24337.00
325,AmanKhan,,31-10-2025,24337.00,0.00,0.00,24337.00
326,AmanKhan,,30-10-2025,24337.00,0.00,0.00,24337.00
327,AmanKhan,,29-10-2025,24337.00,0.00,0.00,24337.00
328,AmanKhan,,28-10-2025,24337.00,0.00,0.00,24337.00
329,AmanKhan,,27-10-2025,24337.00,0.00,0.00,24337.00
330,AmanKhan,,26-10-2025,24337.00,0.00,0.00,24337.00
331,AmanKhan,,25-10-2025,24337.00,0.00,0.00,24337.00
332,AmanKhan,,24-10-2025,24337.00,0.00,0.00,24337.00
333,AmanKhan,,23-10-2025,24337.00,0.00,0.00,24337.00
334,AmanKhan,,22-10-2025,24337.00,0.00,0.00,24337.00
335,AmanKhan,,21-10-2025,24337.00,0.00,0.00,24337.00
336,AmanKhan,,20-10-2025,24337.00,0.00,0.00,24337.00
337,AmanKhan,,19-10-2025,24337.00,0.00,0.00,24337.00
338,AmanKhan,,18-10-2025,24337.00,0.00,0.00,24337.00
339,AmanKhan,,17-10-2025,24337.00,0.00,0.00,24337.00
340,AmanKhan,,16-10-2025,24337.00,0.00,0.00,24337.00
341,AmanKhan,,15-10-2025,24337.00,0.00,0.00,24337.00
342,AmanKhan,,14-10-2025,24337.00,0.00,0.00,24337.00
343,AmanKhan,,13-10-2025,24337.00,0.00,0.00,24337.00
344,AmanKhan,,12-10-2025,24337.00,0.00,0.00,24337.00
345,AmanKhan,,11-10-2025,24337.00,0.00,0.00,24337.00
346,AmanKhan,,10-10-2025,24337.00,0.00,0.00,24337.00
347,AmanKhan,,09-10-2025,24337.00,0.00,0.00,24337.00
348,AmanKhan,,08-10-2025,24337.00,0.00,0.00,24337.00
349,AmanKhan,,07-10-2025,24337.00,0.00,0.00,24337.00
350,AmanKhan,,06-10-2025,24337.00,0.00,0.00,24337.00
351,AmanKhan,,05-10-2025,24337.00,0.00,0.00,24337.00
352,AmanKhan,,04-10-2025,24337.00,0.00,0.00,24337.00
353,AmanKhan,,03-10-2025,24337.00,0.00,0.00,24337.00
354,AmanKhan,,02-10-2025,24337.00,0.00,0.00,24337.00
355,AmanKhan,,01-10-2025,24337.00,0.00,0.00,24337.00
356,AmanKhan,,30-09-2025,24337.00,0.00,0.00,24337.00
357,AmanKhan,,29-09-2025,24337.00,0.00,0.00,24337.00
358,AmanKhan,,28-09-2025,24337.00,0.00,0.00,24337.00
359,AmanKhan,,27-09-2025,24337.00,0.00,0.00,24337.00
360,AmanKhan,,26-09-2025,24337.00,0.00,0.00,24337.00
361,AmanKhan,,25-09-2025,24337.00,0.00,0.00,24337.00
362,AmanKhan,,24-09-2025,24337.00,0.00,0.00,24337.00
363,AmanKhan,,23-09-2025,24337.00,0.00,0.00,24337.00
364,AmanKhan,,22-09-2025,24337.00,0.00,0.00,24337.00
365,AmanKhan,,21-09-2025,24337.00,0.00,0.00,24337.00
366,AmanKhan,,20-09-2025,24337.00,0.00,0.00,24337.00
367,AmanKhan,,19-09-2025,24337.00,0.00,0.00,24337.00
368,AmanKhan,,18-09-2025,24337.00,0.00,0.00,24337.00
369,AmanKhan,,17-09-2025,24337.00,0.00,0.00,24337.00
370,AmanKhan,,16-09-2025,24337.00,0.00,0.00,24337.00
371,AmanKhan,,15-09-2025,24337.00,0.00,0.00,24337.00
372,AmanKhan,,14-09-2025,24337.00,0.00,0.00,24337.00
373,AmanKhan,,13-09-2025,24337.00,0.00,0.00,24337.00
374,AmanKhan,,12-09-2025,24337.00,0.00,0.00,24337.00
375,AmanKhan,,11-09-2025,24337.00,0.00,0.00,24337.00
376,AmanKhan,,10-09-2025,24337.00,0.00,0.00,24337.00
377,AmanKhan,,09-09-2025,24337.00,0.00,0.00,24337.00
378,AmanKhan,,08-09-2025,24337.00,0.00,0.00,24337.00
379,AmanKhan,,07-09-2025,24337.00,0.00,0.00,24337.00
380,AmanKhan,,06-09-2025,24337.00,0.00,0.00,24337.00
381,AmanKhan,,05-09-2025,24337.00,0.00,0.00,24337.00
382,AmanKhan,,04-09-2025,24337.00,0.00,0.00,24337.00
383,AmanKhan,,03-09-2025,24337.00,0.00,0.00,24337.00
384,AmanKhan,,02-09-2025,24337.00,0.00,0.00,24337.00
385,AmanKhan,,01-09-2025,24337.00,0.00,0.00,24337.00
386,AmanKhan,,31-08-2025,24337.00,0.00,0.00,24337.00
387,AmanKhan,,30-08-2025,24337.00,0.00,0.00,24337.00
388,AmanKhan,,29-08-2025,24337.00,0.00,0.00,24337.00
389,AmanKhan,,28-08-2025,24337.00,0.00,0.00,24337.00
390,AmanKhan,,27-08-2025,24337.00,0.00,0.00,24337.00
391,AmanKhan,,26-08-2025,24337.00,0.00,0.00,24337.00
392,AmanKhan,,25-08-2025,24337.00,0.00,0.00,24337.00
393,AmanKhan,,24-08-2025,24337.00,0.00,0.00,24337.00
394,AmanKhan,,23-08-2025,24337.00,0.00,0.00,24337.00
395,AmanKhan,,22-08-2025,24337.00,0.00,0.00,24337.00
396,AmanKhan,,21-08-2025,24337.00,0.00,0.00,24337.00
397,AmanKhan,,20-08-2025,24337.00,0.00,0.00,24337.00
398,AmanKhan,,19-08-2025,24337.00,0.00,0.00,24337.00
399,AmanKhan,,18-08-2025,24337.00,0.00,0.00,24337.00
400,AmanKhan,,17-08-2025,24337.00,0.00,0.00,24337.00
401,AmanKhan,,16-08-2025,24337.00,0.00,0.00,24337.00
402,AmanKhan,,15-08-2025,24337.00,0.00,0.00,24337.00
403,AmanKhan,,14-08-2025,24337.00,0.00,0.00,24337.00
404,AmanKhan,,13-08-2025,24337.00,0.00,0.00,24337.00
405,AmanKhan,,12-08-2025,24337.00,0.00,0.00,24337.00
406,AmanKhan,,11-08-2025,24337.00,0.00,0.00,24337.00
407,AmanKhan,,10-08-2025,24337.00,0.00,0.00,24337.00
408,AmanKhan,,09-08-2025,24337.00,0.00,0.00,24337.00
409,AmanKhan,,08-08-2025,24337.00,0.00,0.00,24337.00
410,AmanKhan,,07-08-2025,24337.00,0.00,0.00,24337.00
411,AmanKhan,,06-08-2025,24337.00,0.00,0.00,24337.00
412,AmanKhan,,05-08-2025,24337.00,0.00,0.00,24337.00
413,AmanKhan,,04-08-2025,24337.00,0.00,0.00,24337.00
414,AmanKhan,,03-08-2025,24337.00,0.00,0.00,24337.00
415,AmanKhan,,02-08-2025,24337.00,0.00,0.00,24337.00
416,AmanKhan,,01-08-2025,24337.00,0.00,0.00,24337.00
417,AmanKhan,,31-07-2025,24337.00,0.00,0.00,24337.00
418,AmanKhan,,30-07-2025,24337.00,0.00,0.00,24337.00
419,AmanKhan,,29-07-2025,24337.00,0.00,0.00,24337.00
420,AmanKhan,,28-07-2025,24337.00,0.00,0.00,24337.00
421,AmanKhan,,27-07-2025,24337.00,0.00,0.00,24337.00
422,AmanKhan,,26-07-2025,24337.00,0.00,0.00,24337.00
423,AmanKhan,,25-07-2025,24337.00,0.00,0.00,24337.00
424,AmanKhan,,24-07-2025,24337.00,0.00,0.00,24337.00
425,AmanKhan,,23-07-2025,24337.00,0.00,0.00,24337.00
426,AmanKhan,,22-07-2025,24337.00,0.00,0.00,24337.00
427,AmanKhan,,21-07-2025,24337.00,0.00,0.00,24337.00
428,AmanKhan,,20-07-2025,24337.00,0.00,0.00,24337.00
429,AmanKhan,,19-07-2025,24337.00,0.00,0.00,24337.00
430,AmanKhan,,18-07-2025,24337.00,0.00,0.00,24337.00
431,AmanKhan,,17-07-2025,24337.00,0.00,0.00,24337.00
432,AmanKhan,,16-07-2025,24337.00,0.00,0.00,24337.00
433,AmanKhan,,15-07-2025,24337.00,0.00,0.00,24337.00
434,AmanKhan,,14-07-2025,24337.00,0.00,0.00,24337.00
435,AmanKhan,,13-07-2025,24337.00,0.00,0.00,24337.00
436,AmanKhan,,12-07-2025,24337.00,0.00,0.00,24337.00
437,AmanKhan,,11-07-2025,24337.00,0.00,0.00,24337.00
438,AmanKhan,,10-07-2025,24337.00,0.00,0.00,24337.00
439,AmanKhan,,09-07-2025,24337.00,0.00,0.00,24337.00
440,AmanKhan,,08-07-2025,24337.00,0.00,0.00,24337.00
441,AmanKhan,,07-07-2025,24337.00,0.00,0.00,24337.00
442,AmanKhan,,06-07-2025,24337.00,0.00,0.00,24337.00
443,AmanKhan,,05-07-2025,24337.00,0.00,0.00,24337.00
444,AmanKhan,,04-07-2025,24337.00,0.00,0.00,24337.00
445,AmanKhan,,03-07-2025,24337.00,0.00,0.00,24337.00
446,AmanKhan,,02-07-2025,24337.00,0.00,0.00,24337.00
447,AmanKhan,,01-07-2025,24337.00,0.00,0.00,24337.00
448,AmanKhan,,30-06-2025,24337.00,0.00,0.00,24337.00
449,AmanKhan,,29-06-2025,24337.00,0.00,0.00,24337.00
450,AmanKhan,,28-06-2025,24337.00,0.00,0.00,24337.00
451,AmanKhan,,27-06-2025,24337.00,0.00,0.00,24337.00
452,AmanKhan,,26-06-2025,24337.00,0.00,0.00,24337.00
453,AmanKhan,,25-06-2025,24337.00,0.00,0.00,24337.00
454,AmanKhan,,24-06-2025,24337.00,0.00,0.00,24337.00
455,AmanKhan,,23-06-2025,24337.00,0.00,0.00,24337.00
456,AmanKhan,,22-06-2025,24337.00,0.00,0.00,24337.00
457,AmanKhan,,21-06-2025,24337.00,0.00,0.00,24337.00
458,AmanKhan,,20-06-2025,24337.00,0.00,0.00,24337.00
459,AmanKhan,,19-06-2025,24337.00,0.00,0.00,24337.00
460,AmanKhan,,18-06-2025,24337.00,0.00,0.00,24337.00
461,AmanKhan,,17-06-2025,24337.00,0.00,0.00,24337.00
462,AmanKhan,,16-06-2025,24337.00,0.00,0.00,24337.00
463,AmanKhan,,15-06-2025,24337.00,0.00,0.00,24337.00
464,AmanKhan,,14-06-2025,24337.00,0.00,0.00,24337.00
465,AmanKhan,,13-06-2025,24337.00,0.00,0.00,24337.00
466,AmanKhan,,12-06-2025,24337.00,0.00,0.00,24337.00
467,AmanKhan,,11-06-2025,24337.00,0.00,0.00,24337.00
468,AmanKhan,,10-06-2025,24337.00,0.00,0.00,24337.00
469,AmanKhan,,09-06-2025,24337.00,0.00,0.00,24337.00
470,AmanKhan,,08-06-2025,24337.00,0.00,0.00,24337.00
471,AmanKhan,,07-06-2025,24337.00,0.00,0.00,24337.00
472,AmanKhan,,06-06-2025,24337.00,0.00,0.00,24337.00
473,AmanKhan,,05-06-2025,24337.00,0.00,0.00,24337.00
474,AmanKhan,,04-06-2025,24337.00,0.00,0.00,24337.00
475,AmanKhan,,03-06-2025,24337.00,0.00,0.00,24337.00
476,AmanKhan,,02-06-2025,24337.00,0.00,0.00,24337.00
477,AmanKhan,,01-06-2025,24337.00,0.00,0.00,24337.00
478,AmanKhan,,31-05-2025,24337.00,0.00,0.00,24337.00
479,AmanKhan,,30-05-2025,24337.00,0.00,0.00,24337.00
480,AmanKhan,,29-05-2025,24337.00,0.00,0.00,24337.00
481,AmanKhan,,28-05-2025,24337.00,0.00,0.00,24337.00
482,AmanKhan,,27-05-2025,24337.00,0.00,0.00,24337.00
483,AmanKhan,,26-05-2025,24337.00,0.00,0.00,24337.00
484,AmanKhan,,25-05-2025,24337.00,0.00,0.00,24337.00
485,AmanKhan,,24-05-2025,24337.00,0.00,0.00,24337.00
486,AmanKhan,,23-05-2025,24337.00,0.00,0.00,24337.00
487,AmanKhan,,22-05-2025,24337.00,0.00,0.00,24337.00
488,AmanKhan,,21-05-2025,24337.00,0.00,0.00,24337.00
489,AmanKhan,,20-05-2025,24337.00,0.00,0.00,24337.00
490,AmanKhan,,19-05-2025,24337.00,0.00,0.00,24337.00
491,AmanKhan,,18-05-2025,24337.00,0.00,0.00,24337.00
492,AmanKhan,,17-05-2025,24337.00,0.00,0.00,24337.00
493,AmanKhan,,16-05-2025,24337.00,0.00,0.00,24337.00
494,AmanKhan,,15-05-2025,24337.00,0.00,0.00,24337.00
495,AmanKhan,,14-05-2025,24337.00,0.00,0.00,24337.00
496,AmanKhan,,13-05-2025,24337.00,0.00,0.00,24337.00
497,AmanKhan,,12-05-2025,24337.00,0.00,0.00,24337.00
498,AmanKhan,,11-05-2025,24337.00,0.00,0.00,24337.00
499,AmanKhan,,10-05-2025,24337.00,0.00,0.00,24337.00
500,AmanKhan,,09-05-2025,24337.00,0.00,0.00,24337.00
501,AmanKhan,,08-05-2025,24337.00,0.00,0.00,24337.00
502,AmanKhan,,07-05-2025,24337.00,0.00,0.00,24337.00
503,AmanKhan,,06-05-2025,24337.00,0.00,0.00,24337.00
504,AmanKhan,,05-05-2025,24337.00,0.00,0.00,24337.00
505,AmanKhan,,04-05-2025,24337.00,0.00,0.00,24337.00
506,AmanKhan,,03-05-2025,24337.00,0.00,0.00,24337.00
507,AmanKhan,,02-05-2025,24337.00,0.00,0.00,24337.00
508,AmanKhan,,01-05-2025,24337.00,0.00,0.00,24337.00
509,AmanKhan,,30-04-2025,24337.00,0.00,0.00,24337.00
510,AmanKhan,,29-04-2025,24337.00,0.00,0.00,24337.00
511,AmanKhan,,28-04-2025,24337.00,0.00,0.00,24337.00
512,AmanKhan,,27-04-2025,24337.00,0.00,0.00,24337.00
513,AmanKhan,,26-04-2025,24337.00,0.00,0.00,24337.00
514,AmanKhan,,25-04-2025,24337.00,0.00,0.00,24337.00
515,AmanKhan,,24-04-2025,24337.00,0.00,0.00,24337.00
516,AmanKhan,,23-04-2025,24337.00,0.00,0.00,24337.00
517,AmanKhan,,22-04-2025,24337.00,0.00,0.00,24337.00
518,AmanKhan,,21-04-2025,24337.00,0.00,0.00,24337.00
519,AmanKhan,,20-04-2025,24337.00,0.00,0.00,24337.00
520,AmanKhan,,19-04-2025,24337.00,0.00,0.00,24337.00
521,AmanKhan,,18-04-2025,24337.00,0.00,0.00,24337.00
522,AmanKhan,,17-04-2025,24337.00,0.00,0.00,24337.00
523,AmanKhan,,16-04-2025,24337.00,0.00,0.00,24337.00
524,AmanKhan,,15-04-2025,24337.00,0.00,0.00,24337.00
525,AmanKhan,,14-04-2025,24337.00,0.00,0.00,24337.00
526,AmanKhan,,13-04-2025,24337.00,0.00,0.00,24337.00
527,AmanKhan,,12-04-2025,24337.00,0.00,0.00,24337.00
528,AmanKhan,,11-04-2025,24337.00,0.00,0.00,24337.00
529,AmanKhan,,10-04-2025,24337.00,0.00,0.00,24337.00
530,AmanKhan,,09-04-2025,24337.00,0.00,0.00,24337.00
531,AmanKhan,,08-04-2025,24337.00,0.00,0.00,24337.00
532,AmanKhan,,07-04-2025,24337.00,0.00,0.00,24337.00
533,AmanKhan,,06-04-2025,24337.00,0.00,0.00,24337.00
534,AmanKhan,,05-04-2025,24337.00,0.00,0.00,24337.00
535,AmanKhan,,04-04-2025,24337.00,0.00,0.00,24337.00
536,AmanKhan,,03-04-2025,24337.00,0.00,0.00,24337.00
537,AmanKhan,,02-04-2025,24337.00,0.00,0.00,24337.00
538,AmanKhan,,01-04-2025,24337.00,0.00,0.00,24337.00
539,AmanKhan,,31-03-2025,24337.00,0.00,0.00,24337.00
540,AmanKhan,,30-03-2025,24337.00,0.00,0.00,24337.00
541,AmanKhan,,29-03-2025,24337.00,0.00,0.00,24337.00
542,AmanKhan,,28-03-2025,24337.00,0.00,0.00,24337.00
543,AmanKhan,,27-03-2025,24337.00,0.00,0.00,24337.00
544,AmanKhan,,26-03-2025,24337.00,0.00,0.00,24337.00
545,AmanKhan,,25-03-2025,24337.00,0.00,0.00,24337.00
546,AmanKhan,,24-03-2025,24337.00,0.00,0.00,24337.00
547,AmanKhan,,23-03-2025,24337.00,0.00,0.00,24337.00
548,AmanKhan,,22-03-2025,24337.00,0.00,0.00,24337.00
549,AmanKhan,,21-03-2025,24337.00,0.00,0.00,24337.00
550,AmanKhan,,20-03-2025,24337.00,0.00,0.00,24337.00
551,AmanKhan,,19-03-2025,24337.00,0.00,0.00,24337.00
552,AmanKhan,,18-03-2025,24337.00,0.00,0.00,24337.00
553,AmanKhan,,17-03-2025,24337.00,0.00,0.00,24337.00
554,AmanKhan,,16-03-2025,24337.00,0.00,0.00,24337.00
555,AmanKhan,,15-03-2025,24337.00,0.00,0.00,24337.00
556,AmanKhan,,14-03-2025,24337.00,0.00,0.00,24337.00
557,AmanKhan,,13-03-2025,24337.00,0.00,0.00,24337.00
558,AmanKhan,,12-03-2025,24337.00,0.00,0.00,24337.00
559,AmanKhan,,11-03-2025,24337.00,0.00,0.00,24337.00
560,AmanKhan,,10-03-2025,24337.00,0.00,0.00,24337.00
561,AmanKhan,,09-03-2025,24337.00,0.00,0.00,24337.00
562,AmanKhan,,08-03-2025,24337.00,0.00,0.00,24337.00
563,AmanKhan,,07-03-2025,24337.00,0.00,0.00,24337.00
564,AmanKhan,,06-03-2025,24337.00,0.00,0.00,24337.00
565,AmanKhan,,05-03-2025,24337.00,0.00,0.00,24337.00
566,AmanKhan,,04-03-2025,24337.00,0.00,0.00,24337.00
567,AmanKhan,,03-03-2025,24337.00,0.00,0.00,24337.00
568,AmanKhan,,02-03-2025,24337.00,0.00,0.00,24337.00
569,AmanKhan,,01-03-2025,24337.00,0.00,0.00,24337.00
570,AmanKhan,,28-02-2025,24337.00,0.00,0.00,24337.00
571,AmanKhan,,27-02-2025,24337.00,0.00,0.00,24337.00
572,AmanKhan,,26-02-2025,24337.00,0.00,0.00,24337.00
573,AmanKhan,,25-02-2025,24337.00,0.00,0.00,24337.00
574,AmanKhan,,24-02-2025,24337.00,0.00,0.00,24337.00
575,AmanKhan,,23-02-2025,24337.00,0.00,0.00,24337.00
576,AmanKhan,,22-02-2025,24337.00,0.00,0.00,24337.00
577,AmanKhan,,21-02-2025,24337.00,0.00,0.00,24337.00
578,AmanKhan,,20-02-2025,24337.00,0.00,0.00,24337.00
579,AmanKhan,,19-02-2025,24337.00,0.00,0.00,24337.00
580,AmanKhan,,18-02-2025,24337.00,0.00,0.00,24337.00
581,AmanKhan,,17-02-2025,24337.00,0.00,0.00,24337.00
582,AmanKhan,,16-02-2025,24337.00,0.00,0.00,24337.00
583,AmanKhan,,15-02-2025,24337.00,0.00,0.00,24337.00
584,AmanKhan,,14-02-2025,24337.00,0.00,0.00,24337.00
585,AmanKhan,,13-02-2025,24337.00,0.00,0.00,24337.00
586,AmanKhan,,12-02-2025,24337.00,0.00,0.00,24337.00
587,AmanKhan,,11-02-2025,24337.00,0.00,0.00,24337.00
588,AmanKhan,,10-02-2025,24337.00,0.00,0.00,24337.00
589,AmanKhan,,09-02-2025,24337.00,0.00,0.00,24337.00
590,AmanKhan,,08-02-2025,24337.00,0.00,0.00,24337.00
591,AmanKhan,,07-02-2025,24337.00,0.00,0.00,24337.00
592,AmanKhan,,06-02-2025,24337.00,0.00,0.00,24337.00
593,AmanKhan,,05-02-2025,24337.00,0.00,0.00,24337.00
594,AmanKhan,,04-02-2025,24337.00,0.00,0.00,24337.00
595,AmanKhan,,03-02-2025,24337.00,0.00,0.00,24337.00
596,AmanKhan,,02-02-2025,24337.00,0.00,0.00,24337.00
597,AmanKhan,,01-02-2025,24337.00,0.00,0.00,24337.00
598,AmanKhan,,31-01-2025,24337.00,0.00,0.00,24337.00
599,AmanKhan,,30-01-2025,24337.00,0.00,0.00,24337.00
600,AmanKhan,,29-01-2025,24337.00,0.00,0.00,24337.00
601,AmanKhan,,28-01-2025,24337.00,0.00,0.00,24337.00
602,AmanKhan,,27-01-2025,24337.00,0.00,0.00,24337.00
603,AmanKhan,,26-01-2025,24337.00,0.00,0.00,24337.00
604,AmanKhan,,25-01-2025,24337.00,0.00,0.00,24337.00
605,AmanKhan,,24-01-2025,24337.00,0.00,0.00,24337.00
606,AmanKhan,,23-01-2025,24337.00,0.00,0.00,24337.00
607,AmanKhan,,22-01-2025,24337.00,0.00,0.00,24337.00
608,AmanKhan,,21-01-2025,24337.00,0.00,0.00,24337.00
609,AmanKhan,,20-01-2025,24337.00,0.00,0.00,24337.00
610,AmanKhan,,19-01-2025,24337.00,0.00,0.00,24337.00
611,AmanKhan,,18-01-2025,24337.00,0.00,0.00,24337.00
612,AmanKhan,,17-01-2025,24337.00,0.00,0.00,24337.00
613,AmanKhan,,16-01-2025,24337.00,0.00,0.00,24337.00
614,AmanKhan,,15-01-2025,24337.00,0.00,0.00,24337.00
615,AmanKhan,,14-01-2025,24337.00,0.00,0.00,24337.00
616,AmanKhan,,13-01-2025,24337.00,0.00,0.00,24337.00
617,AmanKhan,,12-01-2025,24337.00,0.00,0.00,24337.00
618,AmanKhan,,11-01-2025,24337.00,0.00,0.00,24337.00
619,AmanKhan,,10-01-2025,24337.00,0.00,0.00,24337.00
620,AmanKhan,,09-01-2025,24337.00,0.00,0.00,24337.00
621,AmanKhan,,08-01-2025,24337.00,0.00,0.00,24337.00
622,AmanKhan,,07-01-2025,24337.00,0.00,0.00,24337.00
623,AmanKhan,,06-01-2025,24337.00,0.00,0.00,24337.00
624,AmanKhan,,05-01-2025,24337.00,0.00,0.00,24337.00
625,AmanKhan,,04-01-2025,24337.00,0.00,0.00,24337.00
626,AmanKhan,,03-01-2025,24337.00,0.00,0.00,24337.00
627,AmanKhan,,02-01-2025,24337.00,0.00,0.00,24337.00
628,AmanKhan,,01-01-2025,24337.00,0.00,0.00,24337.00
629,AmanKhan,,31-12-2024,24337.00,0.00,0.00,24337.00
630,AmanKhan,,30-12-2024,24337.00,0.00,0.00,24337.00
631,AmanKhan,,29-12-2024,24337.00,0.00,0.00,24337.00
632,AmanKhan,,28-12-2024,24337.00,0.00,0.00,24337.00
633,AmanKhan,,27-12-2024,24337.00,0.00,0.00,24337.00
634,AmanKhan,,26-12-2024,24337.00,0.00,0.00,24337.00
635,AmanKhan,,25-12-2024,24337.00,0.00,0.00,24337.00
636,AmanKhan,,24-12-2024,24337.00,0.00,0.00,24337.00
637,AmanKhan,,23-12-2024,24337.00,0.00,0.00,24337.00
638,AmanKhan,,22-12-2024,24337.00,0.00,0.00,24337.00
639,AmanKhan,,21-12-2024,24337.00,0.00,0.00,24337.00
640,AmanKhan,,20-12-2024,24337.00,0.00,0.00,24337.00
641,AmanKhan,,19-12-2024,24337.00,0.00,0.00,24337.00
642,AmanKhan,,18-12-2024,24337.00,0.00,0.00,24337.00
643,AmanKhan,,17-12-2024,24337.00,0.00,0.00,24337.00
644,AmanKhan,,16-12-2024,24337.00,0.00,0.00,24337.00
645,AmanKhan,,15-12-2024,24337.00,0.00,0.00,24337.00
646,AmanKhan,,14-12-2024,24337.00,0.00,0.00,24337.00
647,AmanKhan,,13-12-2024,24337.00,0.00,0.00,24337.00
648,AmanKhan,,12-12-2024,24337.00,0.00,0.00,24337.00
649,AmanKhan,,11-12-2024,24337.00,0.00,0.00,24337.00
650,AmanKhan,,10-12-2024,24337.00,0.00,0.00,24337.00
651,AmanKhan,,09-12-2024,24337.00,0.00,0.00,24337.00
652,AmanKhan,,08-12-2024,24337.00,0.00,0.00,24337.00
653,AmanKhan,,07-12-2024,24337.00,0.00,0.00,24337.00
654,AmanKhan,,06-12-2024,24337.00,0.00,0.00,24337.00
655,AmanKhan,,05-12-2024,24337.00,0.00,0.00,24337.00
656,AmanKhan,,04-12-2024,24337.00,0.00,0.00,24337.00
657,AmanKhan,,03-12-2024,24337.00,0.00,0.00,24337.00
658,AmanKhan,,02-12-2024,24337.00,0.00,0.00,24337.00
659,AmanKhan,,01-12-2024,24337.00,0.00,0.00,24337.00
660,AmanKhan,,30-11-2024,24337.00,0.00,0.00,24337.00
661,AmanKhan,,29-11-2024,24337.00,0.00,0.00,24337.00
662,AmanKhan,,28-11-2024,24337.00,0.00,0.00,24337.00
663,AmanKhan,,27-11-2024,24337.00,0.00,0.00,24337.00
664,AmanKhan,,26-11-2024,24337.00,0.00,0.00,24337.00
665,AmanKhan,,25-11-2024,24337.00,0.00,0.00,24337.00
666,AmanKhan,,24-11-2024,24337.00,0.00,0.00,24337.00
667,AmanKhan,,23-11-2024,24337.00,0.00,0.00,24337.00
668,AmanKhan,,22-11-2024,24337.00,0.00,0.00,24337.00
669,AmanKhan,,21-11-2024,24337.00,0.00,0.00,24337.00
670,AmanKhan,,20-11-2024,24337.00,0.00,0.00,24337.00
671,AmanKhan,,19-11-2024,24337.00,0.00,0.00,24337.00
672,AmanKhan,,18-11-2024,24337.00,0.00,0.00,24337.00
673,AmanKhan,,17-11-2024,24337.00,0.00,0.00,24337.00
674,AmanKhan,,16-11-2024,24337.00,0.00,0.00,24337.00
675,AmanKhan,,15-11-2024,24337.00,0.00,0.00,24337.00
676,AmanKhan,,14-11-2024,24337.00,0.00,0.00,24337.00
677,AmanKhan,,13-11-2024,24337.00,0.00,0.00,24337.00
678,AmanKhan,,12-11-2024,24337.00,0.00,0.00,24337.00
679,AmanKhan,,11-11-2024,24337.00,0.00,0.00,24337.00
680,AmanKhan,,10-11-2024,24337.00,0.00,0.00,24337.00
681,AmanKhan,,09-11-2024,24337.00,0.00,0.00,24337.00
682,AmanKhan,,08-11-2024,24337.00,0.00,0.00,24337.00
683,AmanKhan,,07-11-2024,24337.00,0.00,0.00,24337.00
684,AmanKhan,,06-11-2024,24337.00,0.00,0.00,24337.00
685,AmanKhan,,05-11-2024,24337.00,0.00,0.00,24337.00
686,AmanKhan,,04-11-2024,24337.00,0.00,0.00,24337.00
687,AmanKhan,,03-11-2024,24337.00,0.00,0.00,24337.00
688,AmanKhan,,02-11-2024,24337.00,0.00,0.00,24337.00
689,AmanKhan,,01-11-2024,24337.00,0.00,0.00,24337.00
690,AmanKhan,,31-10-2024,24337.00,0.00,0.00,24337.00
691,AmanKhan,,30-10-2024,24337.00,0.00,0.00,24337.00
692,AmanKhan,,29-10-2024,24337.00,0.00,0.00,24337.00
693,AmanKhan,,28-10-2024,24337.00,0.00,0.00,24337.00
694,AmanKhan,,27-10-2024,24337.00,0.00,0.00,24337.00
695,AmanKhan,,26-10-2024,24337.00,0.00,0.00,24337.00
696,AmanKhan,,25-10-2024,24337.00,0.00,0.00,24337.00
697,AmanKhan,,24-10-2024,24337.00,0.00,0.00,24337.00
698,AmanKhan,,23-10-2024,24337.00,0.00,0.00,24337.00
699,AmanKhan,,22-10-2024,24337.00,0.00,0.00,24337.00
700,AmanKhan,,21-10-2024,24337.00,0.00,0.00,24337.00
701,AmanKhan,,20-10-2024,24337.00,0.00,0.00,24337.00
702,AmanKhan,,19-10-2024,24337.00,0.00,0.00,24337.00
703,AmanKhan,,18-10-2024,24337.00,0.00,0.00,24337.00
704,AmanKhan,,17-10-2024,24337.00,0.00,0.00,24337.00
705,AmanKhan,,16-10-2024,24337.00,0.00,0.00,24337.00
706,AmanKhan,,15-10-2024,24337.00,0.00,0.00,24337.00
707,AmanKhan,,14-10-2024,24337.00,0.00,0.00,24337.00
708,AmanKhan,,13-10-2024,24337.00,0.00,0.00,24337.00
709,AmanKhan,,12-10-2024,24337.00,0.00,0.00,24337.00
710,AmanKhan,"[{""from"":""sumit"",""amount"":""20000"",""type"":""cash""}]",11-10-2024,4337.00,20000.00,0.00,24337.00
711,AmanKhan,,10-10-2024,4337.00,0.00,0.00,4337.00
712,AmanKhan,,09-10-2024,4337.00,0.00,0.00,4337.00
713,AmanKhan,"[{""from"":""K.P. Gupta Sec - 11 Raj Nagar"",""amount"":""31230"",""type"":""cash""},{""from"":""Sumit Sir"",""amount"":""25000"",""type"":""cash""}]",08-10-2024,4887.00,56230.00,56780.00,4337.00
714,AmanKhan,,07-10-2024,9887.00,0.00,5000.00,4887.00
715,AmanKhan,"[{""from"":""Sumit Sir"",""amount"":""15000"",""type"":""googlepay""}]",06-10-2024,5887.00,15000.00,11000.00,9887.00
716,AmanKhan,,05-10-2024,5887.00,0.00,0.00,5887.00
717,AmanKhan,,04-10-2024,7647.00,0.00,1760.00,5887.00
718,AmanKhan,,03-10-2024,8637.00,0.00,990.00,7647.00
719,AmanKhan,"[{""from"":""Sumit Sir"",""amount"":""26000"",""type"":""cash""}]",02-10-2024,6017.00,26000.00,23380.00,8637.00
720,AmanKhan,"[{""from"":""Sumit Sir"",""amount"":""50000"",""type"":""cash""},{""from"":""Sumit Sir"",""amount"":""6000"",""type"":""googlepay""}]",01-10-2024,3927.00,56000.00,53910.00,6017.00
721,AmanKhan,"[{""from"":""Sumit Sir"",""amount"":""8000"",""type"":""cash""}]",30-09-2024,3977.00,8000.00,8050.00,3927.00
722,AmanKhan,"[{""from"":""Sumit Sir"",""amount"":""3400"",""type"":""cash""}]",29-09-2024,4277.00,3400.00,3700.00,3977.00
723,AmanKhan,"[{""from"":""Sumit Sir"",""amount"":""2000"",""type"":""googlepay""}]",28-09-2024,2277.00,2000.00,0.00,4277.00
724,AmanKhan,,27-09-2024,2277.00,0.00,0.00,2277.00
725,AmanKhan,,26-09-2024,2277.00,0.00,0.00,2277.00
726,AmanKhan,,25-09-2024,2277.00,0.00,0.00,2277.00
727,AmanKhan,,24-09-2024,2277.00,0.00,0.00,2277.00
728,AmanKhan,"[{""from"":""Sumit Sir "",""amount"":""10000"",""type"":""googlepay""}]",23-09-2024,-7723.00,10000.00,0.00,2277.00
729,AmanKhan,,22-09-2024,-7723.00,0.00,0.00,-7723.00
730,AmanKhan,,21-09-2024,-7723.00,0.00,0.00,-7723.00
731,AmanKhan,"[{""from"":""Sumit Sir"",""amount"":""20000"",""type"":""googlepay""}]",20-09-2024,4207.00,20000.00,31930.00,-7723.00
732,AmanKhan,,19-09-2024,4207.00,0.00,0.00,4207.00
733,AmanKhan,,18-09-2024,7527.00,0.00,3320.00,4207.00
734,AmanKhan,,17-09-2024,8267.00,0.00,740.00,7527.00
735,AmanKhan,"[{""from"":""Sumit Sir"",""amount"":""26000"",""type"":""googlepay""},{""from"":""Harsh Gupta (Raj Nagar Sec 11)"",""amount"":""6000"",""type"":""cash""}]",16-09-2024,3267.00,32000.00,27000.00,8267.00
736,AmanKhan,"[{""from"":""Sumit Sir "",""amount"":""1000"",""type"":""googlepay""}]",15-09-2024,3267.00,1000.00,1000.00,3267.00
737,AmanKhan,,14-09-2024,3267.00,0.00,0.00,3267.00
738,AmanKhan,,13-09-2024,3267.00,0.00,0.00,3267.00
739,AmanKhan,"[{""from"":""Sumit Sir "",""amount"":""17000"",""type"":""googlepay""}]",12-09-2024,1267.00,17000.00,15000.00,3267.00
740,AmanKhan,"[{""from"":""Aslam"",""amount"":""15000"",""type"":""cash""}]",11-09-2024,-5738.00,15000.00,7995.00,1267.00
741,AmanKhan,,10-09-2024,2762.00,0.00,8500.00,-5738.00
742,AmanKhan,"[{""from"":""Sumit Sir "",""amount"":""20000"",""type"":""cash""}]",09-09-2024,-2238.00,20000.00,15000.00,2762.00
743,AmanKhan,"[{""from"":""Sumit Sir "",""amount"":""3772"",""type"":""googlepay""}]",08-09-2024,-2080.00,3772.00,3930.00,-2238.00
744,AmanKhan,,07-09-2024,-2080.00,0.00,0.00,-2080.00
745,AmanKhan,"[{""from"":""Sumit Sir "",""amount"":""2000"",""type"":""googlepay""}]",06-09-2024,-2280.00,2000.00,1800.00,-2080.00
746,AmanKhan,,05-09-2024,-1060.00,0.00,1220.00,-2280.00
747,AmanKhan,"[{""from"":""Sumit Sir"",""amount"":""10000"",""type"":""cash""},{""from"":""Sumit Sir"",""amount"":""10000"",""type"":""googlepay""}]",04-09-2024,-4910.00,20000.00,16150.00,-1060.00
748,AmanKhan,"[{""from"":""Sumit Sir "",""amount"":""10000"",""type"":""cash""}]",03-09-2024,-4430.00,10000.00,10480.00,-4910.00
749,AmanKhan,"[{""from"":""Sumit Sir"",""amount"":""20000"",""type"":""cash""}]",02-09-2024,-8230.00,20000.00,16200.00,-4430.00
750,AmanKhan,,01-09-2024,-830.00,0.00,7400.00,-8230.00
751,AmanKhan,"[{""from"":""Harsh Gupta Raj Nagar "",""amount"":""7700"",""type"":""cash""}]",31-08-2024,-2570.00,7700.00,5960.00,-830.00
752,AmanKhan,"[{""from"":""Sumit Sir "",""amount"":""30000"",""type"":""cash""}]",30-08-2024,3280.00,30000.00,35850.00,-2570.00
753,AmanKhan,"[{""from"":""Mahima DIdi"",""amount"":""35000"",""type"":""paytm""},{""from"":""Sumit Sir"",""amount"":""10000"",""type"":""googlepay""}]",29-08-2024,1730.00,45000.00,43450.00,3280.00
754,AmanKhan,"[{""from"":""Mahima Didi"",""amount"":""50000"",""type"":""paytm""}]",28-08-2024,7545.00,50000.00,55815.00,1730.00
755,AmanKhan,"[{""from"":""Sumit Sir"",""amount"":""30000"",""type"":""googlepay""}]",27-08-2024,-16955.00,30000.00,5500.00,7545.00
756,AmanKhan,"[{""from"":""Sumit Sir "",""amount"":""2500"",""type"":""googlepay""}]",26-08-2024,-16335.00,2500.00,3120.00,-16955.00
757,AmanKhan,"[{""from"":""Sumit Sir"",""amount"":""810"",""type"":""googlepay""}]",25-08-2024,-6875.00,810.00,10270.00,-16335.00
758,AmanKhan,,24-08-2024,2125.00,0.00,9000.00,-6875.00
759,AmanKhan,,23-08-2024,10475.00,0.00,8350.00,2125.00
760,AmanKhan,"[{""from"":""Noida Site "",""amount"":""5000"",""type"":""paytm""}]",22-08-2024,10260.00,5000.00,4785.00,10475.00
761,AmanKhan,"[{""from"":""Mahima DIdi"",""amount"":""65000"",""type"":""paytm""},{""from"":""Sumit Sir "",""amount"":""20000"",""type"":""cash""}]",21-08-2024,50000.00,85000.00,124740.00,10260.00
762,AmanKhan,"[{""from"":""Mahima DIdi"",""amount"":""70000"",""type"":""paytm""}]",20-08-2024,0.00,70000.00,20000.00,50000.00
763,AmanKhan,"[{""from"":""Sumit Sir"",""amount"":""45000"",""type"":""cash""}]",18-08-2024,139416.00,45000.00,206492.00,-22076.00
764,AmanKhan,"[{""from"":""Sumit Sir"",""amount"":""180000"",""type"":""cash""}]",17-08-2024,-31584.00,180000.00,9000.00,139416.00
765,AmanKhan,,16-08-2024,-30934.00,0.00,650.00,-31584.00
766,AmanKhan,,15-08-2024,-22584.00,0.00,8350.00,-30934.00
767,AmanKhan,,14-08-2024,-17534.00,0.00,5050.00,-22584.00
768,AmanKhan,"[{""from"":""Sumit Sir"",""amount"":""80000"",""type"":""googlepay""}]",13-08-2024,-11994.00,80000.00,85540.00,-17534.00
769,AmanKhan,,12-08-2024,-5794.00,0.00,6200.00,-11994.00
770,AmanKhan,"[{""from"":""Sumit Sir"",""amount"":""15000"",""type"":""cash""}]",11-08-2024,-20794.00,15000.00,0.00,-5794.00
771,AmanKhan,,10-08-2024,-16794.00,0.00,4000.00,-20794.00
772,AmanKhan,"[{""from"":""Sumit Sir"",""amount"":""73000"",""type"":""cash""}]",09-08-2024,-12107.00,73000.00,77687.00,-16794.00
773,AmanKhan,"[{""from"":""Sumit Sir"",""amount"":""10000"",""type"":""googlepay""}]",08-08-2024,-16247.00,10000.00,5860.00,-12107.00
774,AmanKhan,"[{""from"":""Sumit Sir"",""amount"":""10000"",""type"":""googlepay""}]",07-08-2024,-13247.00,10000.00,13000.00,-16247.00
775,AmanKhan,"[{""from"":""Sumit Sir"",""amount"":""26000"",""type"":""googlepay""}]",06-08-2024,-15657.00,26000.00,23590.00,-13247.00
776,AmanKhan,,05-08-2024,-15657.00,0.00,0.00,-15657.00
777,AmanKhan,,04-08-2024,-15057.00,0.00,600.00,-15657.00
778,AmanKhan,"[{""from"":""Sumit Sir"",""amount"":""2000"",""type"":""googlepay""}]",03-08-2024,-15257.00,2000.00,1800.00,-15057.00
779,AmanKhan,,02-08-2024,-15257.00,0.00,0.00,-15257.00
780,AmanKhan,"[{""from"":""Sumit Sir"",""amount"":""1500"",""type"":""googlepay""}]",01-08-2024,-16757.00,1500.00,0.00,-15257.00
781,AmanKhan,,31-07-2024,-16757.00,0.00,0.00,-16757.00
782,AmanKhan,,30-07-2024,-15857.00,0.00,900.00,-16757.00
783,AmanKhan,,29-07-2024,-15257.00,0.00,600.00,-15857.00
784,AmanKhan,"[{""from"":""Sumit Sir"",""amount"":""5000"",""type"":""googlepay""}]",28-07-2024,-17157.00,5000.00,3100.00,-15257.00
785,AmanKhan,"[{""from"":""Sumit Sir "",""amount"":""4000"",""type"":""googlepay""}]",27-07-2024,-17827.00,4000.00,3330.00,-17157.00
786,AmanKhan,"[{""from"":""Sumit Sir "",""amount"":""25000"",""type"":""googlepay""}]",26-07-2024,-17597.00,25000.00,25230.00,-17827.00
787,AmanKhan,,25-07-2024,-17112.00,0.00,485.00,-17597.00
788,AmanKhan,,24-07-2024,-17112.00,0.00,0.00,-17112.00
789,AmanKhan,,23-07-2024,-17112.00,0.00,0.00,-17112.00
790,AmanKhan,"[{""from"":""Sumit Sir "",""amount"":""10000"",""type"":""googlepay""}]",22-07-2024,-16722.00,10000.00,10390.00,-17112.00
791,AmanKhan,"[{""from"":""Sumit Sir "",""amount"":""1500"",""type"":""googlepay""}]",21-07-2024,-18222.00,1500.00,0.00,-16722.00
792,AmanKhan,"[{""from"":""Sumit Sir"",""amount"":""20500"",""type"":""googlepay""},{""from"":""Sumit Sir"",""amount"":""49000"",""type"":""googlepay""}]",20-07-2024,-18072.00,49000.00,49150.00,-18222.00
793,AmanKhan,,19-07-2024,3178.00,0.00,21250.00,-18072.00
794,AmanKhan,,18-07-2024,3278.00,0.00,100.00,3178.00
795,AmanKhan,,17-07-2024,3278.00,0.00,0.00,3278.00
796,AmanKhan,"[{""from"":""Manu "",""amount"":""5000"",""type"":""cash""},{""from"":""Sumit Sir"",""amount"":""2000"",""type"":""googlepay""}]",16-07-2024,-972.00,7000.00,2750.00,3278.00
797,AmanKhan,,15-07-2024,-972.00,0.00,0.00,-972.00
798,AmanKhan,,14-07-2024,1578.00,0.00,2550.00,-972.00
799,AmanKhan,,13-07-2024,2178.00,0.00,600.00,1578.00
800,AmanKhan,,12-07-2024,2178.00,0.00,0.00,2178.00
801,AmanKhan,,11-07-2024,2178.00,0.00,0.00,2178.00
802,AmanKhan,"[{""from"":""Sumit Sir"",""amount"":""220000"",""type"":""online transfter""}]",10-07-2024,3358.00,220000.00,221180.00,2178.00
803,AmanKhan,,09-07-2024,3358.00,0.00,0.00,3358.00
804,AmanKhan,,08-07-2024,3358.00,0.00,0.00,3358.00
805,AmanKhan,,07-07-2024,3358.00,0.00,0.00,3358.00
806,AmanKhan,,06-07-2024,3358.00,0.00,0.00,3358.00
807,AmanKhan,,05-07-2024,3358.00,0.00,0.00,3358.00
808,AmanKhan,"[{""from"":""Sumit Sir"",""amount"":""10000"",""type"":""googlepay""}]",04-07-2024,-1392.00,10000.00,5250.00,3358.00
809,AmanKhan,"[{""from"":""Sumit Sir"",""amount"":""30000"",""type"":""googlepay""}]",03-07-2024,3708.00,30000.00,35100.00,-1392.00
810,AmanKhan,"[{""from"":""Sumit Sir"",""amount"":""20000"",""type"":""cash""}]",02-07-2024,8708.00,20000.00,25000.00,3708.00
811,AmanKhan,,01-07-2024,9908.00,0.00,1200.00,8708.00
812,AmanKhan,"[{""from"":""Sumit Sir"",""amount"":""3000"",""type"":""googlepay""}]",30-06-2024,8108.00,3000.00,1200.00,9908.00
813,AmanKhan,,29-06-2024,8708.00,0.00,600.00,8108.00
814,AmanKhan,,28-06-2024,8708.00,0.00,0.00,8708.00
815,AmanKhan,,27-06-2024,8708.00,0.00,0.00,8708.00
816,AmanKhan,,26-06-2024,8708.00,0.00,0.00,8708.00
817,AmanKhan,,25-06-2024,8708.00,0.00,0.00,8708.00
818,AmanKhan,,24-06-2024,8708.00,0.00,0.00,8708.00
819,AmanKhan,,23-06-2024,8888.00,0.00,180.00,8708.00
820,AmanKhan,,22-06-2024,8888.00,0.00,0.00,8888.00
821,AmanKhan,"[{""from"":""Sumit Sir"",""amount"":""10000"",""type"":""googlepay""}]",21-06-2024,8888.00,10000.00,10000.00,8888.00
822,AmanKhan,,20-06-2024,8888.00,0.00,0.00,8888.00
823,AmanKhan,,19-06-2024,8888.00,0.00,0.00,8888.00
824,AmanKhan,,18-06-2024,8888.00,0.00,0.00,8888.00
825,AmanKhan,,17-06-2024,8888.00,0.00,0.00,8888.00
826,AmanKhan,"[{""from"":""Sumit Sir "",""amount"":""15000"",""type"":""googlepay""}]",16-06-2024,-6112.00,15000.00,0.00,8888.00
827,AmanKhan,,15-06-2024,-6112.00,0.00,0.00,-6112.00
828,AmanKhan,,14-06-2024,-4812.00,0.00,1300.00,-6112.00
829,AmanKhan,,13-06-2024,-4102.00,0.00,710.00,-4812.00
830,AmanKhan,"[{""from"":""Lalit Beri C -64"",""amount"":""12000"",""type"":""cash""}]",12-06-2024,-1202.00,12000.00,14900.00,-4102.00
831,AmanKhan,"[{""from"":""Sumit Sir"",""amount"":""12000"",""type"":""googlepay""}]",11-06-2024,-12962.00,12000.00,240.00,-1202.00
832,AmanKhan,"[{""from"":""Sumit Sir"",""amount"":""10000"",""type"":""cash""}]",10-06-2024,-2062.00,10000.00,20900.00,-12962.00
833,AmanKhan,"[{""from"":""Lalit Beri C 64"",""amount"":""40000"",""type"":""cash""}]",09-06-2024,-7012.00,40000.00,35050.00,-2062.00
834,AmanKhan,"[{""from"":""Lalit Beri C 64"",""amount"":""30000"",""type"":""cash""}]",08-06-2024,-11212.00,30000.00,25800.00,-7012.00
835,AmanKhan,,07-06-2024,-11212.00,0.00,0.00,-11212.00
836,AmanKhan,,06-06-2024,-5322.00,0.00,5890.00,-11212.00
837,AmanKhan,,05-06-2024,238.00,0.00,5560.00,-5322.00
838,AmanKhan,"[{""from"":""Sumit Sir"",""amount"":""20000"",""type"":""cash""}]",04-06-2024,-18502.00,20000.00,1260.00,238.00
839,AmanKhan,,03-06-2024,-18502.00,0.00,0.00,-18502.00
840,AmanKhan,,02-06-2024,-18152.00,0.00,350.00,-18502.00
841,AmanKhan,,01-06-2024,-15977.00,0.00,2175.00,-18152.00
842,AmanKhan,,31-05-2024,-11227.00,0.00,4750.00,-15977.00
843,AmanKhan,,30-05-2024,-11227.00,0.00,0.00,-11227.00
844,AmanKhan,,29-05-2024,-9777.00,0.00,1450.00,-11227.00
845,AmanKhan,"[{""from"":""Sumit Sir"",""amount"":""10000"",""type"":""cash""}]",28-05-2024,8423.00,10000.00,28200.00,-9777.00
846,AmanKhan,,27-05-2024,12323.00,0.00,3900.00,8423.00
847,AmanKhan,,26-05-2024,16523.00,0.00,4200.00,12323.00
848,AmanKhan,"[{""from"":""Sumit Sir "",""amount"":""20000"",""type"":""cash""}]",25-05-2024,-2287.00,20000.00,1190.00,16523.00
849,AmanKhan,,24-05-2024,-1687.00,0.00,600.00,-2287.00
850,AmanKhan,,23-05-2024,-487.00,0.00,1200.00,-1687.00
851,AmanKhan,,22-05-2024,-487.00,0.00,0.00,-487.00
852,AmanKhan,,21-05-2024,-487.00,0.00,0.00,-487.00
853,AmanKhan,,20-05-2024,-487.00,0.00,0.00,-487.00
854,AmanKhan,,19-05-2024,-487.00,0.00,0.00,-487.00
855,AmanKhan,"[{""from"":""Sumit Sir"",""amount"":""3000"",""type"":""googlepay""}]",18-05-2024,1173.00,3000.00,4660.00,-487.00
856,AmanKhan,,17-05-2024,1173.00,0.00,0.00,1173.00
857,AmanKhan,,16-05-2024,1173.00,0.00,0.00,1173.00
858,AmanKhan,,15-05-2024,1173.00,0.00,0.00,1173.00
859,AmanKhan,,14-05-2024,1173.00,0.00,0.00,1173.00
860,AmanKhan,,13-05-2024,1173.00,0.00,0.00,1173.00
861,AmanKhan,"[{""from"":""0"",""amount"":""0"",""type"":""cash""}]",12-05-2024,1173.00,0.00,0.00,1173.00
862,AmanKhan,"[{""from"":""0"",""amount"":""0"",""type"":""cash""}]",11-05-2024,1413.00,0.00,240.00,1173.00
863,AmanKhan,,10-05-2024,3013.00,0.00,1600.00,1413.00
864,AmanKhan,,09-05-2024,9773.00,0.00,6760.00,3013.00
865,AmanKhan,,08-05-2024,9773.00,0.00,0.00,9773.00
866,AmanKhan,"[{""from"":""Sumit Bhai "",""amount"":""30000"",""type"":""cash""}]",07-05-2024,-227.00,30000.00,20000.00,9773.00
867,AmanKhan,"[{""from"":""0"",""amount"":""0"",""type"":""cash""}]",06-05-2024,148.00,0.00,375.00,-227.00
868,AmanKhan,,05-05-2024,550.00,0.00,402.00,148.00
869,AmanKhan,,04-05-2024,550.00,0.00,0.00,550.00
870,AmanKhan,"[{""from"":""Sumit Bhai "",""amount"":""2000"",""type"":""cash""}]",03-05-2024,-1450.00,2000.00,0.00,550.00
871,AmanKhan,,02-05-2024,-900.00,0.00,550.00,-1450.00
872,AmanKhan,,01-05-2024,-900.00,0.00,0.00,-900.00
873,AmanKhan,,30-04-2024,-900.00,0.00,0.00,-900.00
874,AmanKhan,,29-04-2024,-900.00,0.00,0.00,-900.00
875,AmanKhan,"[{""from"":""Sumit Bhai"",""amount"":""3000"",""type"":""cash""}]",28-04-2024,-3900.00,3000.00,0.00,-900.00
876,AmanKhan,,27-04-2024,-1800.00,0.00,2100.00,-3900.00
877,AmanKhan,"[{""from"":""0"",""amount"":""0"",""type"":""cash""}]",26-04-2024,0.00,0.00,1800.00,-1800.00
878,AmanKhan,,25-04-2024,0.00,0.00,0.00,0.00
879,AmanKhan,,24-04-2024,0.00,0.00,0.00,0.00
880,AmanKhan,,23-04-2024,0.00,0.00,0.00,0.00
881,AmanKhan,,22-04-2024,0.00,0.00,0.00,0.00
882,AmanKhan,,21-04-2024,0.00,0.00,0.00,0.00
883,AmanKhan,,20-04-2024,0.00,0.00,0.00,0.00
884,AmanKhan,,19-04-2024,0.00,0.00,0.00,0.00
885,AmanKhan,,18-04-2024,0.00,0.00,0.00,0.00
886,AmanKhan,,17-04-2024,0.00,0.00,0.00,0.00
887,AmanKhan,,16-04-2024,0.00,0.00,0.00,0.00
888,AmanKhan,,15-04-2024,0.00,0.00,0.00,0.00
889,AmanKhan,,14-04-2024,0.00,0.00,0.00,0.00
890,AmanKhan,,13-04-2024,0.00,0.00,0.00,0.00
891,AmanKhan,,12-04-2024,0.00,0.00,0.00,0.00
892,AmanKhan,,11-04-2024,0.00,0.00,0.00,0.00
893,AmanKhan,,10-04-2024,0.00,0.00,0.00,0.00
894,AmanKhan,,09-04-2024,0.00,0.00,0.00,0.00
895,AmanKhan,,08-04-2024,0.00,0.00,0.00,0.00
896,AmanKhan,,07-04-2024,0.00,0.00,0.00,0.00
897,AmanKhan,,06-04-2024,0.00,0.00,0.00,0.00
898,AmanKhan,,05-04-2024,0.00,0.00,0.00,0.00
899,AmanKhan,,04-04-2024,0.00,0.00,0.00,0.00
900,AmanKhan,,03-04-2024,0.00,0.00,0.00,0.00
901,AmanKhan,,02-04-2024,0.00,0.00,0.00,0.00
902,AmanKhan,,01-04-2024,88486.00,0.00,88486.00,0.00
903,AmanKhan,,31-03-2024,88486.00,0.00,0.00,88486.00
904,AmanKhan,,30-03-2024,88486.00,0.00,0.00,88486.00
905,AmanKhan,,29-03-2024,88486.00,0.00,0.00,88486.00
906,AmanKhan,,28-03-2024,88486.00,0.00,0.00,88486.00
907,AmanKhan,,27-03-2024,88486.00,0.00,0.00,88486.00
908,AmanKhan,,26-03-2024,88486.00,0.00,0.00,88486.00
909,AmanKhan,,25-03-2024,88486.00,0.00,0.00,88486.00
910,AmanKhan,,24-03-2024,88486.00,0.00,0.00,88486.00
911,AmanKhan,,23-03-2024,88486.00,0.00,0.00,88486.00
912,AmanKhan,,22-03-2024,88486.00,0.00,0.00,88486.00
913,AmanKhan,,21-03-2024,88486.00,0.00,0.00,88486.00
914,AmanKhan,,20-03-2024,88486.00,0.00,0.00,88486.00
915,AmanKhan,,19-03-2024,88486.00,0.00,0.00,88486.00
916,AmanKhan,,18-03-2024,88486.00,0.00,0.00,88486.00
917,AmanKhan,,17-03-2024,88486.00,0.00,0.00,88486.00
918,AmanKhan,,16-03-2024,88486.00,0.00,0.00,88486.00
919,AmanKhan,,15-03-2024,88486.00,0.00,0.00,88486.00
920,AmanKhan,,14-03-2024,88486.00,0.00,0.00,88486.00
921,AmanKhan,,13-03-2024,88486.00,0.00,0.00,88486.00
922,AmanKhan,,12-03-2024,88486.00,0.00,0.00,88486.00
923,AmanKhan,,11-03-2024,88486.00,0.00,0.00,88486.00
924,AmanKhan,,10-03-2024,88486.00,0.00,0.00,88486.00
925,AmanKhan,,09-03-2024,88486.00,0.00,0.00,88486.00
926,AmanKhan,,08-03-2024,88486.00,0.00,0.00,88486.00
927,AmanKhan,,07-03-2024,88486.00,0.00,0.00,88486.00
928,AmanKhan,,06-03-2024,88486.00,0.00,0.00,88486.00
929,AmanKhan,,05-03-2024,88486.00,0.00,0.00,88486.00
930,AmanKhan,,04-03-2024,88486.00,0.00,0.00,88486.00
931,AmanKhan,,03-03-2024,88486.00,0.00,0.00,88486.00
932,AmanKhan,,02-03-2024,88486.00,0.00,0.00,88486.00
933,AmanKhan,,01-03-2024,88486.00,0.00,0.00,88486.00
934,AmanKhan,,29-02-2024,88486.00,0.00,0.00,88486.00
935,AmanKhan,,28-02-2024,88486.00,0.00,0.00,88486.00
936,AmanKhan,,27-02-2024,88486.00,0.00,0.00,88486.00
937,AmanKhan,,26-02-2024,88486.00,0.00,0.00,88486.00
938,AmanKhan,,25-02-2024,88486.00,0.00,0.00,88486.00
939,AmanKhan,,24-02-2024,88486.00,0.00,0.00,88486.00
940,AmanKhan,,23-02-2024,88486.00,0.00,0.00,88486.00
941,AmanKhan,,22-02-2024,88486.00,0.00,0.00,88486.00
942,AmanKhan,,21-02-2024,88486.00,0.00,0.00,88486.00
943,AmanKhan,,20-02-2024,88486.00,0.00,0.00,88486.00
944,AmanKhan,,19-02-2024,88486.00,0.00,0.00,88486.00
945,AmanKhan,,18-02-2024,88486.00,0.00,0.00,88486.00
946,AmanKhan,,17-02-2024,88486.00,0.00,0.00,88486.00
947,AmanKhan,,16-02-2024,88486.00,0.00,0.00,88486.00
948,AmanKhan,,15-02-2024,88486.00,0.00,0.00,88486.00
949,AmanKhan,,14-02-2024,88486.00,0.00,0.00,88486.00
950,AmanKhan,,13-02-2024,88486.00,0.00,0.00,88486.00
951,AmanKhan,,12-02-2024,88486.00,0.00,0.00,88486.00
952,AmanKhan,,11-02-2024,88486.00,0.00,0.00,88486.00
953,AmanKhan,,10-02-2024,88486.00,0.00,0.00,88486.00
954,AmanKhan,,09-02-2024,88486.00,0.00,0.00,88486.00
955,AmanKhan,,08-02-2024,88486.00,0.00,0.00,88486.00
956,AmanKhan,,07-02-2024,88486.00,0.00,0.00,88486.00
957,AmanKhan,,06-02-2024,88486.00,0.00,0.00,88486.00
958,AmanKhan,,05-02-2024,88486.00,0.00,0.00,88486.00
959,AmanKhan,,04-02-2024,88486.00,0.00,0.00,88486.00
960,AmanKhan,,03-02-2024,88486.00,0.00,0.00,88486.00
961,AmanKhan,,02-02-2024,88486.00,0.00,0.00,88486.00
962,AmanKhan,,01-02-2024,88486.00,0.00,0.00,88486.00
963,AmanKhan,,31-01-2024,88486.00,0.00,0.00,88486.00
964,AmanKhan,,30-01-2024,88486.00,0.00,0.00,88486.00
965,AmanKhan,,29-01-2024,88486.00,0.00,0.00,88486.00
966,AmanKhan,,28-01-2024,88486.00,0.00,0.00,88486.00
967,AmanKhan,,27-01-2024,88486.00,0.00,0.00,88486.00
968,AmanKhan,,26-01-2024,88486.00,0.00,0.00,88486.00
969,AmanKhan,,25-01-2024,88486.00,0.00,0.00,88486.00
970,AmanKhan,,24-01-2024,88486.00,0.00,0.00,88486.00
971,AmanKhan,,23-01-2024,88486.00,0.00,0.00,88486.00
972,AmanKhan,,22-01-2024,88486.00,0.00,0.00,88486.00
973,AmanKhan,,21-01-2024,88486.00,0.00,0.00,88486.00
974,AmanKhan,,20-01-2024,88486.00,0.00,0.00,88486.00
975,AmanKhan,,19-01-2024,88486.00,0.00,0.00,88486.00
976,AmanKhan,,18-01-2024,88486.00,0.00,0.00,88486.00
977,AmanKhan,,17-01-2024,88486.00,0.00,0.00,88486.00
978,AmanKhan,,16-01-2024,88486.00,0.00,0.00,88486.00
979,AmanKhan,,15-01-2024,88486.00,0.00,0.00,88486.00
980,AmanKhan,,14-01-2024,88486.00,0.00,0.00,88486.00
981,AmanKhan,,13-01-2024,88486.00,0.00,0.00,88486.00
982,AmanKhan,,12-01-2024,88486.00,0.00,0.00,88486.00
983,AmanKhan,,11-01-2024,88486.00,0.00,0.00,88486.00
984,AmanKhan,,10-01-2024,88486.00,0.00,0.00,88486.00
985,AmanKhan,,09-01-2024,88486.00,0.00,0.00,88486.00
986,AmanKhan,,08-01-2024,88486.00,0.00,0.00,88486.00
987,AmanKhan,,07-01-2024,88486.00,0.00,0.00,88486.00
988,AmanKhan,,06-01-2024,88486.00,0.00,0.00,88486.00
989,AmanKhan,,05-01-2024,88486.00,0.00,0.00,88486.00
990,AmanKhan,,04-01-2024,88486.00,0.00,0.00,88486.00
991,AmanKhan,,03-01-2024,88486.00,0.00,0.00,88486.00
992,AmanKhan,,02-01-2024,88486.00,0.00,0.00,88486.00
993,AmanKhan,,01-01-2024,88486.00,0.00,0.00,88486.00
994,AmanKhan,,31-12-2023,88486.00,0.00,0.00,88486.00
995,AmanKhan,,30-12-2023,88486.00,0.00,0.00,88486.00
996,AmanKhan,,29-12-2023,88486.00,0.00,0.00,88486.00
997,AmanKhan,,28-12-2023,88486.00,0.00,0.00,88486.00
998,AmanKhan,,27-12-2023,88486.00,0.00,0.00,88486.00
999,AmanKhan,,26-12-2023,88486.00,0.00,0.00,88486.00
1000,AmanKhan,,25-12-2023,88486.00,0.00,0.00,88486.00
1001,AmanKhan,,24-12-2023,88486.00,0.00,0.00,88486.00
1002,AmanKhan,,23-12-2023,88486.00,0.00,0.00,88486.00
1003,AmanKhan,,22-12-2023,88486.00,0.00,0.00,88486.00
1004,AmanKhan,,21-12-2023,88486.00,0.00,0.00,88486.00
1005,AmanKhan,,20-12-2023,88486.00,0.00,0.00,88486.00
1006,AmanKhan,,19-12-2023,88486.00,0.00,0.00,88486.00
1007,AmanKhan,,18-12-2023,88486.00,0.00,0.00,88486.00
1008,AmanKhan,,17-12-2023,88486.00,0.00,0.00,88486.00
1009,AmanKhan,,16-12-2023,88486.00,0.00,0.00,88486.00
1010,AmanKhan,,15-12-2023,88486.00,0.00,0.00,88486.00
1011,AmanKhan,,14-12-2023,88486.00,0.00,0.00,88486.00
1012,AmanKhan,,13-12-2023,88486.00,0.00,0.00,88486.00
1013,AmanKhan,,12-12-2023,88486.00,0.00,0.00,88486.00
1014,AmanKhan,,11-12-2023,88486.00,0.00,0.00,88486.00
1015,AmanKhan,,10-12-2023,88486.00,0.00,0.00,88486.00
1016,AmanKhan,,09-12-2023,88486.00,0.00,0.00,88486.00
1017,AmanKhan,,08-12-2023,88486.00,0.00,0.00,88486.00
1018,AmanKhan,,07-12-2023,88486.00,0.00,0.00,88486.00
1019,AmanKhan,,06-12-2023,88486.00,0.00,0.00,88486.00
1020,AmanKhan,,05-12-2023,88486.00,0.00,0.00,88486.00
1021,AmanKhan,,04-12-2023,88486.00,0.00,0.00,88486.00
1022,AmanKhan,,03-12-2023,88486.00,0.00,0.00,88486.00
1023,AmanKhan,,02-12-2023,88486.00,0.00,0.00,88486.00
1024,AmanKhan,,01-12-2023,88486.00,0.00,0.00,88486.00
1025,AmanKhan,,30-11-2023,88486.00,0.00,0.00,88486.00
1026,AmanKhan,,29-11-2023,88486.00,0.00,0.00,88486.00
1027,AmanKhan,,28-11-2023,88486.00,0.00,0.00,88486.00
1028,AmanKhan,,27-11-2023,88486.00,0.00,0.00,88486.00
1029,AmanKhan,,26-11-2023,88486.00,0.00,0.00,88486.00
1030,AmanKhan,,25-11-2023,88486.00,0.00,0.00,88486.00
1031,AmanKhan,,24-11-2023,88486.00,0.00,0.00,88486.00
1032,AmanKhan,,23-11-2023,88486.00,0.00,0.00,88486.00
1033,AmanKhan,,22-11-2023,88486.00,0.00,0.00,88486.00
1034,AmanKhan,,21-11-2023,88486.00,0.00,0.00,88486.00
1035,AmanKhan,,20-11-2023,88486.00,0.00,0.00,88486.00
1036,AmanKhan,,19-11-2023,88486.00,0.00,0.00,88486.00
1037,AmanKhan,,18-11-2023,88486.00,0.00,0.00,88486.00
1038,AmanKhan,,17-11-2023,88486.00,0.00,0.00,88486.00
1039,AmanKhan,,16-11-2023,88486.00,0.00,0.00,88486.00
1040,AmanKhan,,15-11-2023,88486.00,0.00,0.00,88486.00
1041,AmanKhan,,14-11-2023,88486.00,0.00,0.00,88486.00
1042,AmanKhan,,13-11-2023,88486.00,0.00,0.00,88486.00
1043,AmanKhan,,12-11-2023,88486.00,0.00,0.00,88486.00
1044,AmanKhan,,11-11-2023,88486.00,0.00,0.00,88486.00
1045,AmanKhan,,10-11-2023,88486.00,0.00,0.00,88486.00
1046,AmanKhan,,09-11-2023,88486.00,0.00,0.00,88486.00
1047,AmanKhan,,08-11-2023,88486.00,0.00,0.00,88486.00
1048,AmanKhan,,07-11-2023,88486.00,0.00,0.00,88486.00
1049,AmanKhan,,06-11-2023,88486.00,0.00,0.00,88486.00
1050,AmanKhan,,05-11-2023,88486.00,0.00,0.00,88486.00
1051,AmanKhan,,04-11-2023,88486.00,0.00,0.00,88486.00
1052,AmanKhan,,03-11-2023,88486.00,0.00,0.00,88486.00
1053,AmanKhan,,02-11-2023,88486.00,0.00,0.00,88486.00
1054,AmanKhan,,01-11-2023,88486.00,0.00,0.00,88486.00
1055,AmanKhan,,31-10-2023,88486.00,0.00,0.00,88486.00
1056,AmanKhan,,30-10-2023,88486.00,0.00,0.00,88486.00
1057,AmanKhan,,29-10-2023,88486.00,0.00,0.00,88486.00
1058,AmanKhan,,28-10-2023,88486.00,0.00,0.00,88486.00
1059,AmanKhan,,27-10-2023,88486.00,0.00,0.00,88486.00
1060,AmanKhan,,26-10-2023,88486.00,0.00,0.00,88486.00
1061,AmanKhan,,25-10-2023,88486.00,0.00,0.00,88486.00
1062,AmanKhan,,24-10-2023,88486.00,0.00,0.00,88486.00
1063,AmanKhan,,23-10-2023,88486.00,0.00,0.00,88486.00
1064,AmanKhan,,22-10-2023,88486.00,0.00,0.00,88486.00
1065,AmanKhan,,21-10-2023,88486.00,0.00,0.00,88486.00
1066,AmanKhan,,20-10-2023,88486.00,0.00,0.00,88486.00
1067,AmanKhan,,19-10-2023,88486.00,0.00,0.00,88486.00
1068,AmanKhan,,18-10-2023,88486.00,0.00,0.00,88486.00
1069,AmanKhan,,17-10-2023,88486.00,0.00,0.00,88486.00
1070,AmanKhan,,16-10-2023,88486.00,0.00,0.00,88486.00
1071,AmanKhan,,15-10-2023,88486.00,0.00,0.00,88486.00
1072,AmanKhan,,14-10-2023,88486.00,0.00,0.00,88486.00
1073,AmanKhan,,13-10-2023,88486.00,0.00,0.00,88486.00
1074,AmanKhan,,12-10-2023,88486.00,0.00,0.00,88486.00
1075,AmanKhan,,11-10-2023,88486.00,0.00,0.00,88486.00
1076,AmanKhan,,10-10-2023,88486.00,0.00,0.00,88486.00
1077,AmanKhan,,09-10-2023,89236.00,0.00,750.00,88486.00
1078,AmanKhan,,08-10-2023,89236.00,0.00,0.00,89236.00
1079,AmanKhan,,07-10-2023,89236.00,0.00,0.00,89236.00
1080,AmanKhan,,06-10-2023,89736.00,0.00,500.00,89236.00
1081,AmanKhan,,05-10-2023,99346.00,0.00,9610.00,89736.00
1082,AmanKhan,,04-10-2023,100046.00,0.00,700.00,99346.00
1083,AmanKhan,"[{""from"":""Heralal hospital "",""amount"":""10000"",""type"":""cash""}]",03-10-2023,92936.00,10000.00,2890.00,100046.00
1084,AmanKhan,,02-10-2023,95516.00,0.00,2580.00,92936.00
1085,AmanKhan,,01-10-2023,95516.00,0.00,0.00,95516.00
1086,AmanKhan,,30-09-2023,95516.00,0.00,0.00,95516.00
1087,AmanKhan,,29-09-2023,95516.00,0.00,0.00,95516.00
1088,AmanKhan,,28-09-2023,96016.00,0.00,500.00,95516.00
1089,AmanKhan,,27-09-2023,98216.00,0.00,2200.00,96016.00
1090,AmanKhan,,26-09-2023,102766.00,0.00,4550.00,98216.00
1091,AmanKhan,,25-09-2023,103266.00,0.00,500.00,102766.00
1092,AmanKhan,,24-09-2023,104506.00,0.00,1240.00,103266.00
1093,AmanKhan,,23-09-2023,105856.00,0.00,1350.00,104506.00
1094,AmanKhan,,22-09-2023,107251.00,0.00,1395.00,105856.00
1095,AmanKhan,"[{""from"":""Alok Jain kd 125 kavi nagar "",""amount"":""30000"",""type"":""cash""},{""from"":""Heera lal hospital kc Garg "",""amount"":""60000"",""type"":""cash""}]",21-09-2023,48501.00,60000.00,1250.00,107251.00
1096,AmanKhan,,20-09-2023,49001.00,0.00,500.00,48501.00
1097,AmanKhan,,19-09-2023,49501.00,0.00,500.00,49001.00
1098,AmanKhan,,18-09-2023,50751.00,0.00,1250.00,49501.00
1099,AmanKhan,,17-09-2023,50751.00,0.00,0.00,50751.00
1100,AmanKhan,,16-09-2023,53101.00,0.00,2350.00,50751.00
1101,AmanKhan,,15-09-2023,53101.00,0.00,0.00,53101.00
1102,AmanKhan,,14-09-2023,53101.00,0.00,0.00,53101.00
1103,AmanKhan,,13-09-2023,54451.00,0.00,1350.00,53101.00
1104,AmanKhan,"[{""from"":""\u0939\u0940\u0930\u093e \u0932\u093e\u0932 \u0905\u0938\u094d\u092a\u0924\u093e\u0932 "",""amount"":""30000"",""type"":""cash""}]",12-09-2023,25326.00,30000.00,875.00,54451.00
1105,AmanKhan,,11-09-2023,34836.00,0.00,9510.00,25326.00
1106,AmanKhan,,10-09-2023,34836.00,0.00,0.00,34836.00
1107,AmanKhan,,09-09-2023,36186.00,0.00,1350.00,34836.00
1108,AmanKhan,"[{""from"":""Heralal hospital "",""amount"":""25000"",""type"":""cash""},{""from"":""K D 125 Alok Jain"",""amount"":"" 25000"",""type"":""cash""}]",08-09-2023,-13464.00,50000.00,350.00,36186.00
1109,AmanKhan,,07-09-2023,-12214.00,0.00,1250.00,-13464.00
1110,AmanKhan,,06-09-2023,-10344.00,0.00,1870.00,-12214.00
1111,AmanKhan,,05-09-2023,-6954.00,0.00,3390.00,-10344.00
1112,AmanKhan,,04-09-2023,3390.00,0.00,10344.00,-6954.00
1113,AmanKhan,"[{""from"":""Mr Jain"",""amount"":""30000"",""type"":""cash""}]",03-09-2023,-3200.00,30000.00,23410.00,3390.00
1114,AmanKhan,,02-09-2023,-200.00,0.00,3000.00,-3200.00
1115,AmanKhan,,01-09-2023,300.00,0.00,500.00,-200.00
1116,AmanKhan,,31-08-2023,300.00,0.00,0.00,300.00
1117,AmanKhan,,30-08-2023,5300.00,0.00,5000.00,300.00
1118,AmanKhan,,29-08-2023,6100.00,0.00,800.00,5300.00
1119,AmanKhan,,28-08-2023,9100.00,0.00,3000.00,6100.00
1120,AmanKhan,"[{""from"":""Sumit"",""amount"":""432933"",""type"":""cash""},{""from"":""Sumit"",""amount"":""5000"",""type"":""cash""},{""from"":""Sumit"",""amount"":""10000"",""type"":""cash""}]",27-08-2023,-432933.00,447933.00,5900.00,9100.00
1121,AmanKhan,,26-08-2023,-429318.00,0.00,3615.00,-432933.00
1122,AmanKhan,,25-08-2023,-423818.00,0.00,5500.00,-429318.00
1123,AmanKhan,,24-08-2023,-420318.00,0.00,3500.00,-423818.00
1124,AmanKhan,,23-08-2023,-420318.00,0.00,0.00,-420318.00
1125,AmanKhan,,22-08-2023,-420318.00,0.00,0.00,-420318.00
1126,AmanKhan,,21-08-2023,-399828.00,0.00,20490.00,-420318.00
1127,AmanKhan,,20-08-2023,-396828.00,0.00,3000.00,-399828.00
1128,AmanKhan,,19-08-2023,-395328.00,0.00,1500.00,-396828.00
1129,AmanKhan,,18-08-2023,-374958.00,0.00,20370.00,-395328.00
1130,AmanKhan,,17-08-2023,-374958.00,0.00,0.00,-374958.00
1131,AmanKhan,,16-08-2023,-374958.00,0.00,0.00,-374958.00
1132,AmanKhan,,15-08-2023,-369958.00,0.00,5000.00,-374958.00
1133,AmanKhan,,14-08-2023,-366778.00,0.00,3180.00,-369958.00
1134,AmanKhan,,13-08-2023,-366778.00,0.00,0.00,-366778.00
1135,AmanKhan,,12-08-2023,-366778.00,0.00,0.00,-366778.00
1136,AmanKhan,,11-08-2023,-366778.00,0.00,0.00,-366778.00
1137,AmanKhan,,10-08-2023,-320715.00,0.00,46063.00,-366778.00
1138,AmanKhan,,09-08-2023,-320715.00,0.00,0.00,-320715.00
1139,AmanKhan,,08-08-2023,-302728.00,0.00,17987.00,-320715.00
1140,AmanKhan,,07-08-2023,-302728.00,0.00,0.00,-302728.00
1141,AmanKhan,,06-08-2023,-302728.00,0.00,0.00,-302728.00
1142,AmanKhan,,05-08-2023,-302728.00,0.00,0.00,-302728.00
1143,AmanKhan,,04-08-2023,-302728.00,0.00,0.00,-302728.00
1144,AmanKhan,,03-08-2023,-302728.00,0.00,0.00,-302728.00
1145,AmanKhan,,02-08-2023,-302728.00,0.00,0.00,-302728.00
1146,AmanKhan,,01-08-2023,-302728.00,0.00,0.00,-302728.00
1147,AmanKhan,,31-07-2023,-294728.00,0.00,8000.00,-302728.00
1148,AmanKhan,,30-07-2023,-294728.00,0.00,0.00,-294728.00
1149,AmanKhan,,29-07-2023,-294728.00,0.00,0.00,-294728.00
1150,AmanKhan,,28-07-2023,-283728.00,0.00,11000.00,-294728.00
1151,AmanKhan,,27-07-2023,-257925.00,0.00,25803.00,-283728.00
1152,AmanKhan,,26-07-2023,-257925.00,0.00,0.00,-257925.00
1153,AmanKhan,,25-07-2023,-257925.00,0.00,0.00,-257925.00
1154,AmanKhan,,24-07-2023,-257925.00,0.00,0.00,-257925.00
1155,AmanKhan,,23-07-2023,-257925.00,0.00,0.00,-257925.00
1156,AmanKhan,,22-07-2023,-257925.00,0.00,0.00,-257925.00
1157,AmanKhan,,21-07-2023,-257925.00,0.00,0.00,-257925.00
1158,AmanKhan,,20-07-2023,-257925.00,0.00,0.00,-257925.00
1159,AmanKhan,,19-07-2023,-246175.00,0.00,11750.00,-257925.00
1160,AmanKhan,,18-07-2023,-238574.00,0.00,7601.00,-246175.00
1161,AmanKhan,,17-07-2023,-236954.00,0.00,1620.00,-238574.00
1162,AmanKhan,,16-07-2023,-236954.00,0.00,0.00,-236954.00
1163,AmanKhan,,15-07-2023,-236954.00,0.00,0.00,-236954.00
1164,AmanKhan,,14-07-2023,-236874.00,0.00,80.00,-236954.00
1165,AmanKhan,,13-07-2023,-236174.00,0.00,700.00,-236874.00
1166,AmanKhan,,12-07-2023,-236174.00,0.00,0.00,-236174.00
1167,AmanKhan,,11-07-2023,-236174.00,0.00,0.00,-236174.00
1168,AmanKhan,,10-07-2023,-229025.00,0.00,7149.00,-236174.00
1169,AmanKhan,,09-07-2023,-227025.00,0.00,2000.00,-229025.00
1170,AmanKhan,,08-07-2023,-227025.00,0.00,0.00,-227025.00
1171,AmanKhan,,07-07-2023,-227025.00,0.00,0.00,-227025.00
1172,AmanKhan,,06-07-2023,-227025.00,0.00,0.00,-227025.00
1173,AmanKhan,,05-07-2023,-220998.00,0.00,6027.00,-227025.00
1174,AmanKhan,,04-07-2023,-208248.00,0.00,12750.00,-220998.00
1175,AmanKhan,,03-07-2023,-192248.00,0.00,16000.00,-208248.00
1176,AmanKhan,,02-07-2023,-192048.00,0.00,200.00,-192248.00
1177,AmanKhan,,01-07-2023,-183448.00,0.00,8600.00,-192048.00
1178,AmanKhan,,30-06-2023,-183448.00,0.00,0.00,-183448.00
1179,AmanKhan,,29-06-2023,-183448.00,0.00,0.00,-183448.00
1180,AmanKhan,,28-06-2023,-180248.00,0.00,3200.00,-183448.00
1181,AmanKhan,,27-06-2023,-172548.00,0.00,7700.00,-180248.00
1182,AmanKhan,,26-06-2023,-168473.00,0.00,4075.00,-172548.00
1183,AmanKhan,,25-06-2023,-164773.00,0.00,3700.00,-168473.00
1184,AmanKhan,,24-06-2023,-164233.00,0.00,540.00,-164773.00
1185,AmanKhan,,23-06-2023,-153333.00,0.00,10900.00,-164233.00
1186,AmanKhan,,22-06-2023,-127775.00,0.00,25558.00,-153333.00
1187,AmanKhan,,21-06-2023,-115225.00,0.00,12550.00,-127775.00
1188,AmanKhan,,20-06-2023,-102725.00,0.00,12500.00,-115225.00
1189,AmanKhan,,19-06-2023,-77025.00,0.00,25700.00,-102725.00
1190,AmanKhan,,18-06-2023,-75525.00,0.00,1500.00,-77025.00
1191,AmanKhan,,17-06-2023,-62175.00,0.00,13350.00,-75525.00
1192,AmanKhan,,16-06-2023,-55125.00,0.00,7050.00,-62175.00
1193,AmanKhan,,15-06-2023,-54925.00,0.00,200.00,-55125.00
1194,AmanKhan,,14-06-2023,-44920.00,0.00,10005.00,-54925.00
1195,AmanKhan,,13-06-2023,-42520.00,0.00,2400.00,-44920.00
1196,AmanKhan,,12-06-2023,-41470.00,0.00,1050.00,-42520.00
1197,AmanKhan,,11-06-2023,-33770.00,0.00,7700.00,-41470.00
1198,AmanKhan,,10-06-2023,-9770.00,0.00,24000.00,-33770.00
1199,AmanKhan,,09-06-2023,-9620.00,0.00,150.00,-9770.00
1200,AmanKhan,"[{""from"":""0"",""amount"":""0"",""type"":""cash""}]",08-06-2023,-9520.00,0.00,100.00,-9620.00
1201,AmanKhan,,07-06-2023,-4300.00,0.00,5220.00,-9520.00
1202,AmanKhan,,06-06-2023,-3700.00,0.00,600.00,-4300.00
1203,AmanKhan,,05-06-2023,-3700.00,0.00,0.00,-3700.00
1204,AmanKhan,,04-06-2023,0.00,0.00,3700.00,-3700.00
1205,AmanKhan,"[{""from"":""0"",""amount"":""0"",""type"":""cash""}]",31-05-2023,0.00,0.00,6050.00,-6050.00
1206,AmanKhan,,30-05-2023,0.00,0.00,0.00,0.00
1207,AmanKhan,,29-05-2023,0.00,0.00,0.00,0.00
1208,AmanKhan,,28-05-2023,0.00,0.00,0.00,0.00
1209,AmanKhan,,27-05-2023,0.00,0.00,0.00,0.00
1210,AmanKhan,,26-05-2023,0.00,0.00,0.00,0.00
1211,AmanKhan,,25-05-2023,0.00,0.00,0.00,0.00
